Style,Standard
Append Mode,1
Fill Mode,1
Capacity,100000
Count,715
Base Time Seconds,1623351094
Base Time Fractional,.988821020
Index,Reading,Unit,Range Digits,Disp Digits,Math,Start Group,Limit1 High,Limit1 Low,Limit2 High,Limit2 Low,Terminal,Questionable,Origin,Value,Unit,Digits,Output,Sense,Source Limit,Overtemp,Date,Time,Fractional Seconds
1,1.983489710256e-05,Volt DC,.01,5.5,F,F,F,F,F,F,Front,F,Main,-0.0000000104764,Amp DC,.01,T,2W,F,F,06/10/2021,18:51:34,.988821020
2,1.991759381781e-05,Volt DC,.01,5.5,F,F,F,F,F,F,Front,F,Main,-0.0000000110576,Amp DC,.01,T,2W,F,F,06/10/2021,18:51:35,.071483080
3,1.983488800761e-05,Volt DC,.01,5.5,F,F,F,F,F,F,Front,F,Main,-0.0000000098952,Amp DC,.01,T,2W,F,F,06/10/2021,18:51:35,.154124280
4,2.067380773951e-05,Volt DC,.01,5.5,F,F,F,F,F,F,Front,F,Main,-0.0000000081517,Amp DC,.01,T,2W,F,F,06/10/2021,18:51:35,.236757540
5,2.023663728323e-05,Volt DC,.01,5.5,F,F,F,F,F,F,Front,F,Main,-0.0000000098952,Amp DC,.01,T,2W,F,F,06/10/2021,18:51:35,.319421600
6,1.983489528357e-05,Volt DC,.01,5.5,F,F,F,F,F,F,Front,F,Main,-0.0000000087329,Amp DC,.01,T,2W,F,F,06/10/2021,18:51:35,.402066220
7,1.989398515434e-05,Volt DC,.01,5.5,F,F,F,F,F,F,Front,F,Main,-0.0000000087328,Amp DC,.01,T,2W,F,F,06/10/2021,18:51:35,.484711820
8,2.04611060326e-05,Volt DC,.01,5.5,F,F,F,F,F,F,Front,F,Main,-0.0000000110575,Amp DC,.01,T,2W,F,F,06/10/2021,18:51:35,.567345900
9,2.014212077484e-05,Volt DC,.01,5.5,F,F,F,F,F,F,Front,F,Main,-0.0000000098952,Amp DC,.01,T,2W,F,F,06/10/2021,18:51:35,.649979500
10,1.991762110265e-05,Volt DC,.01,5.5,F,F,F,F,F,F,Front,F,Main,-0.0000000128010,Amp DC,.01,T,2W,F,F,06/10/2021,18:51:35,.732629260
11,1.983489346458e-05,Volt DC,.01,5.5,F,F,F,F,F,F,Front,F,Main,-0.0000000087329,Amp DC,.01,T,2W,F,F,06/10/2021,18:51:35,.815276920
12,1.971675010282e-05,Volt DC,.01,5.5,F,F,F,F,F,F,Front,F,Main,-0.0000000128010,Amp DC,.01,T,2W,F,F,06/10/2021,18:51:35,.897925960
13,2.030749965343e-05,Volt DC,.01,5.5,F,F,F,F,F,F,Front,F,Main,-0.0000000081517,Amp DC,.01,T,2W,F,F,06/10/2021,18:51:35,.980565000
14,1.989397787838e-05,Volt DC,.01,5.5,F,F,F,F,F,F,Front,F,Main,-0.0000000093140,Amp DC,.01,T,2W,F,F,06/10/2021,18:51:36,.063212480
15,2.01302827918e-05,Volt DC,.01,5.5,F,F,F,F,F,F,Front,F,Main,-0.0000000075705,Amp DC,.01,T,2W,F,F,06/10/2021,18:51:36,.145854720
16,2.074470103253e-05,Volt DC,.01,5.5,F,F,F,F,F,F,Front,F,Main,-0.0000000058270,Amp DC,.01,T,2W,F,F,06/10/2021,18:51:36,.228490640
17,2.011846845562e-05,Volt DC,.01,5.5,F,F,F,F,F,F,Front,F,Main,-0.0000000075705,Amp DC,.01,T,2W,F,F,06/10/2021,18:51:36,.311128440
18,2.000030690397e-05,Volt DC,.01,5.5,F,F,F,F,F,F,Front,F,Main,-0.0000000081517,Amp DC,.01,T,2W,F,F,06/10/2021,18:51:36,.393781200
19,1.992943180085e-05,Volt DC,.01,5.5,F,F,F,F,F,F,Front,F,Main,-0.0000000098952,Amp DC,.01,T,2W,F,F,06/10/2021,18:51:36,.476423920
20,2.04965544981e-05,Volt DC,.01,5.5,F,F,F,F,F,F,Front,F,Main,-0.0000000098952,Amp DC,.01,T,2W,F,F,06/10/2021,18:51:36,.559061040
21,2.081559068756e-05,Volt DC,.01,5.5,F,F,F,F,F,F,Front,F,Main,-0.0000000087328,Amp DC,.01,T,2W,F,F,06/10/2021,18:51:36,.641695340
22,2.060289625661e-05,Volt DC,.01,5.5,F,F,F,F,F,F,Front,F,Main,-0.0000000075705,Amp DC,.01,T,2W,F,F,06/10/2021,18:51:36,.724347020
23,2.070925074804e-05,Volt DC,.01,5.5,F,F,F,F,F,F,Front,F,Main,-0.0000000104763,Amp DC,.01,T,2W,F,F,06/10/2021,18:51:36,.807011820
24,2.067379682558e-05,Volt DC,.01,5.5,F,F,F,F,F,F,Front,F,Main,-0.0000000104764,Amp DC,.01,T,2W,F,F,06/10/2021,18:51:36,.889646200
25,2.042568121396e-05,Volt DC,.01,5.5,F,F,F,F,F,F,Front,F,Main,-0.0000000081517,Amp DC,.01,T,2W,F,F,06/10/2021,18:51:36,.972288460
26,2.057926758425e-05,Volt DC,.01,5.5,F,F,F,F,F,F,Front,F,Main,-0.0000000110575,Amp DC,.01,T,2W,F,F,06/10/2021,18:51:37,.054936920
27,2.03902272915e-05,Volt DC,.01,5.5,F,F,F,F,F,F,Front,F,Main,-0.0000000098952,Amp DC,.01,T,2W,F,F,06/10/2021,18:51:37,.137575620
28,1.974037513719e-05,Volt DC,.01,5.5,F,F,F,F,F,F,Front,F,Main,-0.0000000081517,Amp DC,.01,T,2W,F,F,06/10/2021,18:51:37,.220219240
29,2.046111512755e-05,Volt DC,.01,5.5,F,F,F,F,F,F,Front,F,Main,-0.0000000069893,Amp DC,.01,T,2W,F,F,06/10/2021,18:51:37,.302864600
30,2.040205254161e-05,Volt DC,.01,5.5,F,F,F,F,F,F,Front,F,Main,-0.0000000087328,Amp DC,.01,T,2W,F,F,06/10/2021,18:51:37,.385507480
31,2.007121838687e-05,Volt DC,.01,5.5,F,F,F,F,F,F,Front,F,Main,-0.0000000081517,Amp DC,.01,T,2W,F,F,06/10/2021,18:51:37,.468159400
32,2.068560570478e-05,Volt DC,.01,5.5,F,F,F,F,F,F,Front,F,Main,-0.0000000058270,Amp DC,.01,T,2W,F,F,06/10/2021,18:51:37,.550803840
33,2.121728175553e-05,Volt DC,.01,5.5,F,F,F,F,F,F,Front,F,Main,-0.0000000064082,Amp DC,.01,T,2W,F,F,06/10/2021,18:51:37,.633456720
34,2.041384504992e-05,Volt DC,.01,5.5,F,F,F,F,F,F,Front,F,Main,-0.0000000110575,Amp DC,.01,T,2W,F,F,06/10/2021,18:51:37,.716135220
35,0.0003332133637741,Volt DC,.01,5.5,F,F,F,F,F,F,Front,F,Main,-0.0000000087329,Amp DC,.01,T,2W,F,F,06/10/2021,18:51:37,.798784580
36,0.0003535949799698,Volt DC,.01,5.5,F,F,F,F,F,F,Front,F,Main,-0.0000000098952,Amp DC,.01,T,2W,F,F,06/10/2021,18:51:37,.881424360
37,0.0003540084871929,Volt DC,.01,5.5,F,F,F,F,F,F,Front,F,Main,-0.0000000064082,Amp DC,.01,T,2W,F,F,06/10/2021,18:51:37,.964080540
38,0.000353228795575,Volt DC,.01,5.5,F,F,F,F,F,F,Front,F,Main,-0.0000000075705,Amp DC,.01,T,2W,F,F,06/10/2021,18:51:38,.046719600
39,0.0003532996342983,Volt DC,.01,5.5,F,F,F,F,F,F,Front,F,Main,-0.0000000087328,Amp DC,.01,T,2W,F,F,06/10/2021,18:51:38,.129352560
40,0.0003538196615409,Volt DC,.01,5.5,F,F,F,F,F,F,Front,F,Main,-0.0000000104763,Amp DC,.01,T,2W,F,F,06/10/2021,18:51:38,.211998600
41,0.0003535478899721,Volt DC,.01,5.5,F,F,F,F,F,F,Front,F,Main,-0.0000000110575,Amp DC,.01,T,2W,F,F,06/10/2021,18:51:38,.294635620
42,0.0003538785676938,Volt DC,.01,5.5,F,F,F,F,F,F,Front,F,Main,-0.0000000122199,Amp DC,.01,T,2W,F,F,06/10/2021,18:51:38,.377294840
43,0.0003535832802299,Volt DC,.01,5.5,F,F,F,F,F,F,Front,F,Main,-0.0000000116387,Amp DC,.01,T,2W,F,F,06/10/2021,18:51:38,.459942000
44,0.0003543394559529,Volt DC,.01,5.5,F,F,F,F,F,F,Front,F,Main,-0.0000000122198,Amp DC,.01,T,2W,F,F,06/10/2021,18:51:38,.542593100
45,0.0003538193705026,Volt DC,.01,5.5,F,F,F,F,F,F,Front,F,Main,-0.0000000093140,Amp DC,.01,T,2W,F,F,06/10/2021,18:51:38,.625222560
46,0.0003538781602401,Volt DC,.01,5.5,F,F,F,F,F,F,Front,F,Main,-0.0000000093141,Amp DC,.01,T,2W,F,F,06/10/2021,18:51:38,.707888900
47,0.0003540198667906,Volt DC,.01,5.5,F,F,F,F,F,F,Front,F,Main,-0.0000000098952,Amp DC,.01,T,2W,F,F,06/10/2021,18:51:38,.790529980
48,0.0003541500191204,Volt DC,.01,5.5,F,F,F,F,F,F,Front,F,Main,-0.0000000098952,Amp DC,.01,T,2W,F,F,06/10/2021,18:51:38,.873179700
49,0.0003542920458131,Volt DC,.01,5.5,F,F,F,F,F,F,Front,F,Main,-0.0000000093140,Amp DC,.01,T,2W,F,F,06/10/2021,18:51:38,.955837960
50,0.0003536541771609,Volt DC,.01,5.5,F,F,F,F,F,F,Front,F,Main,-0.0000000075705,Amp DC,.01,T,2W,F,F,06/10/2021,18:51:39,.038482140
51,0.0003540912584867,Volt DC,.01,5.5,F,F,F,F,F,F,Front,F,Main,-0.0000000093140,Amp DC,.01,T,2W,F,F,06/10/2021,18:51:39,.121154000
52,0.0003538430028129,Volt DC,.01,5.5,F,F,F,F,F,F,Front,F,Main,-0.0000000116387,Amp DC,.01,T,2W,F,F,06/10/2021,18:51:39,.203784340
53,0.0003538430028129,Volt DC,.01,5.5,F,F,F,F,F,F,Front,F,Main,-0.0000000104764,Amp DC,.01,T,2W,F,F,06/10/2021,18:51:39,.286417040
54,0.0003535830182955,Volt DC,.01,5.5,F,F,F,F,F,F,Front,F,Main,-0.0000000058270,Amp DC,.01,T,2W,F,F,06/10/2021,18:51:39,.369058440
55,0.0003539254539646,Volt DC,.01,5.5,F,F,F,F,F,F,Front,F,Main,-0.0000000069894,Amp DC,.01,T,2W,F,F,06/10/2021,18:51:39,.451692080
56,0.0003544218488969,Volt DC,.01,5.5,F,F,F,F,F,F,Front,F,Main,-0.0000000122199,Amp DC,.01,T,2W,F,F,06/10/2021,18:51:39,.534338840
57,0.0003542801132426,Volt DC,.01,5.5,F,F,F,F,F,F,Front,F,Main,-0.0000000087329,Amp DC,.01,T,2W,F,F,06/10/2021,18:51:39,.617009420
58,0.0003535713767633,Volt DC,.01,5.5,F,F,F,F,F,F,Front,F,Main,-0.0000000122199,Amp DC,.01,T,2W,F,F,06/10/2021,18:51:39,.699663700
59,0.0003539613971952,Volt DC,.01,5.5,F,F,F,F,F,F,Front,F,Main,-0.0000000104763,Amp DC,.01,T,2W,F,F,06/10/2021,18:51:39,.782322680
60,0.0003541149781086,Volt DC,.01,5.5,F,F,F,F,F,F,Front,F,Main,-0.0000000087328,Amp DC,.01,T,2W,F,F,06/10/2021,18:51:39,.864981620
61,0.0003538784803823,Volt DC,.01,5.5,F,F,F,F,F,F,Front,F,Main,-0.0000000110575,Amp DC,.01,T,2W,F,F,06/10/2021,18:51:39,.947640420
62,0.0003537367156241,Volt DC,.01,5.5,F,F,F,F,F,F,Front,F,Main,-0.0000000093140,Amp DC,.01,T,2W,F,F,06/10/2021,18:51:40,.030276520
63,0.0003540795296431,Volt DC,.01,5.5,F,F,F,F,F,F,Front,F,Main,-0.0000000093140,Amp DC,.01,T,2W,F,F,06/10/2021,18:51:40,.112924740
64,0.0003544102655724,Volt DC,.01,5.5,F,F,F,F,F,F,Front,F,Main,-0.0000000093140,Amp DC,.01,T,2W,F,F,06/10/2021,18:51:40,.195571740
65,0.0003541620098986,Volt DC,.01,5.5,F,F,F,F,F,F,Front,F,Main,-0.0000000104764,Amp DC,.01,T,2W,F,F,06/10/2021,18:51:40,.278235640
66,0.0003536421281751,Volt DC,.01,5.5,F,F,F,F,F,F,Front,F,Main,-0.0000000093140,Amp DC,.01,T,2W,F,F,06/10/2021,18:51:40,.360878060
67,0.0003539968747646,Volt DC,.01,5.5,F,F,F,F,F,F,Front,F,Main,-0.0000000104763,Amp DC,.01,T,2W,F,F,06/10/2021,18:51:40,.443532920
68,0.0003542095655575,Volt DC,.01,5.5,F,F,F,F,F,F,Front,F,Main,-0.0000000116387,Amp DC,.01,T,2W,F,F,06/10/2021,18:51:40,.526181480
69,0.0003536660515238,Volt DC,.01,5.5,F,F,F,F,F,F,Front,F,Main,-0.0000000128010,Amp DC,.01,T,2W,F,F,06/10/2021,18:51:40,.608821600
70,0.0003537368611433,Volt DC,.01,5.5,F,F,F,F,F,F,Front,F,Main,-0.0000000098952,Amp DC,.01,T,2W,F,F,06/10/2021,18:51:40,.691469140
71,0.0003542917256709,Volt DC,.01,5.5,F,F,F,F,F,F,Front,F,Main,-0.0000000098952,Amp DC,.01,T,2W,F,F,06/10/2021,18:51:40,.774121080
72,0.0004873209109064,Volt DC,.01,5.5,F,F,F,F,F,F,Front,F,Main,-0.0000000064082,Amp DC,.01,T,2W,F,F,06/10/2021,18:51:40,.856773580
73,0.0004203871067148,Volt DC,.01,5.5,F,F,F,F,F,F,Front,F,Main,-0.0000000104764,Amp DC,.01,T,2W,F,F,06/10/2021,18:51:40,.939431200
74,0.003469905350357,Volt DC,.01,5.5,F,F,F,F,F,F,Front,F,Main,-0.0000000151257,Amp DC,.01,T,2W,F,F,06/10/2021,18:51:41,.022098320
75,0.003464136971161,Volt DC,.01,5.5,F,F,F,F,F,F,Front,F,Main,-0.0000000145446,Amp DC,.01,T,2W,F,F,06/10/2021,18:51:41,.104745740
76,0.003476818790659,Volt DC,.01,5.5,F,F,F,F,F,F,Front,F,Main,-0.0000000122198,Amp DC,.01,T,2W,F,F,06/10/2021,18:51:41,.187386520
77,0.003479641862214,Volt DC,.01,5.5,F,F,F,F,F,F,Front,F,Main,-0.0000000122199,Amp DC,.01,T,2W,F,F,06/10/2021,18:51:41,.270046740
78,0.003484647488222,Volt DC,.01,5.5,F,F,F,F,F,F,Front,F,Main,-0.0000000104764,Amp DC,.01,T,2W,F,F,06/10/2021,18:51:41,.352705080
79,0.003488810034469,Volt DC,.01,5.5,F,F,F,F,F,F,Front,F,Main,-0.0000000145445,Amp DC,.01,T,2W,F,F,06/10/2021,18:51:41,.435350320
80,0.003481471678242,Volt DC,.01,5.5,F,F,F,F,F,F,Front,F,Main,-0.0000000122199,Amp DC,.01,T,2W,F,F,06/10/2021,18:51:41,.518018900
81,0.003470884170383,Volt DC,.01,5.5,F,F,F,F,F,F,Front,F,Main,-0.0000000133822,Amp DC,.01,T,2W,F,F,06/10/2021,18:51:41,.600655540
82,0.00348021928221,Volt DC,.01,5.5,F,F,F,F,F,F,Front,F,Main,-0.0000000122199,Amp DC,.01,T,2W,F,F,06/10/2021,18:51:41,.683319360
83,0.003483492182568,Volt DC,.01,5.5,F,F,F,F,F,F,Front,F,Main,-0.0000000104764,Amp DC,.01,T,2W,F,F,06/10/2021,18:51:41,.765963980
84,0.00348760606721,Volt DC,.01,5.5,F,F,F,F,F,F,Front,F,Main,-0.0000000098952,Amp DC,.01,T,2W,F,F,06/10/2021,18:51:41,.848612420
85,0.00348931690678,Volt DC,.01,5.5,F,F,F,F,F,F,Front,F,Main,-0.0000000128010,Amp DC,.01,T,2W,F,F,06/10/2021,18:51:41,.931252980
86,0.003482712199911,Volt DC,.01,5.5,F,F,F,F,F,F,Front,F,Main,-0.0000000110575,Amp DC,.01,T,2W,F,F,06/10/2021,18:51:42,.013908260
87,0.003471287898719,Volt DC,.01,5.5,F,F,F,F,F,F,Front,F,Main,-0.0000000139634,Amp DC,.01,T,2W,F,F,06/10/2021,18:51:42,.096556880
88,0.003481672378257,Volt DC,.01,5.5,F,F,F,F,F,F,Front,F,Main,-0.0000000122199,Amp DC,.01,T,2W,F,F,06/10/2021,18:51:42,.179207120
89,0.003486325964332,Volt DC,.01,5.5,F,F,F,F,F,F,Front,F,Main,-0.0000000116387,Amp DC,.01,T,2W,F,F,06/10/2021,18:51:42,.261850760
90,0.003488599322736,Volt DC,.01,5.5,F,F,F,F,F,F,Front,F,Main,-0.0000000081516,Amp DC,.01,T,2W,F,F,06/10/2021,18:51:42,.344501520
91,0.003490759758279,Volt DC,.01,5.5,F,F,F,F,F,F,Front,F,Main,-0.0000000104764,Amp DC,.01,T,2W,F,F,06/10/2021,18:51:42,.427168240
92,0.0034839885775,Volt DC,.01,5.5,F,F,F,F,F,F,Front,F,Main,-0.0000000098952,Amp DC,.01,T,2W,F,F,06/10/2021,18:51:42,.509798740
93,0.003470566356555,Volt DC,.01,5.5,F,F,F,F,F,F,Front,F,Main,-0.0000000151257,Amp DC,.01,T,2W,F,F,06/10/2021,18:51:42,.592447960
94,0.003483540378511,Volt DC,.01,5.5,F,F,F,F,F,F,Front,F,Main,-0.0000000116387,Amp DC,.01,T,2W,F,F,06/10/2021,18:51:42,.675108300
95,0.003487345995381,Volt DC,.01,5.5,F,F,F,F,F,F,Front,F,Main,-0.0000000110575,Amp DC,.01,T,2W,F,F,06/10/2021,18:51:42,.757749680
96,0.003489929251373,Volt DC,.01,5.5,F,F,F,F,F,F,Front,F,Main,-0.0000000133822,Amp DC,.01,T,2W,F,F,06/10/2021,18:51:42,.840383300
97,0.003492517396808,Volt DC,.01,5.5,F,F,F,F,F,F,Front,F,Main,-0.0000000145446,Amp DC,.01,T,2W,F,F,06/10/2021,18:51:42,.923030200
98,0.003483643755317,Volt DC,.01,5.5,F,F,F,F,F,F,Front,F,Main,-0.0000000116387,Amp DC,.01,T,2W,F,F,06/10/2021,18:51:43,.005678040
99,0.003470943076536,Volt DC,.01,5.5,F,F,F,F,F,F,Front,F,Main,-0.0000000133822,Amp DC,.01,T,2W,F,F,06/10/2021,18:51:43,.088338940
100,0.003484932240099,Volt DC,.01,5.5,F,F,F,F,F,F,Front,F,Main,-0.0000000122199,Amp DC,.01,T,2W,F,F,06/10/2021,18:51:43,.170989320
101,0.003486823756248,Volt DC,.01,5.5,F,F,F,F,F,F,Front,F,Main,-0.0000000133822,Amp DC,.01,T,2W,F,F,06/10/2021,18:51:43,.253634900
102,0.00348928081803,Volt DC,.01,5.5,F,F,F,F,F,F,Front,F,Main,-0.0000000139634,Amp DC,.01,T,2W,F,F,06/10/2021,18:51:43,.336278280
103,0.003490448230878,Volt DC,.01,5.5,F,F,F,F,F,F,Front,F,Main,-0.0000000162881,Amp DC,.01,T,2W,F,F,06/10/2021,18:51:43,.418897500
104,0.003481696359813,Volt DC,.01,5.5,F,F,F,F,F,F,Front,F,Main,-0.0000000116387,Amp DC,.01,T,2W,F,F,06/10/2021,18:51:43,.501543500
105,0.003470791503787,Volt DC,.01,5.5,F,F,F,F,F,F,Front,F,Main,-0.0000000116387,Amp DC,.01,T,2W,F,F,06/10/2021,18:51:43,.584190300
106,0.003485192777589,Volt DC,.01,5.5,F,F,F,F,F,F,Front,F,Main,-0.0000000128011,Amp DC,.01,T,2W,F,F,06/10/2021,18:51:43,.666853380
107,0.003487698966637,Volt DC,.01,5.5,F,F,F,F,F,F,Front,F,Main,-0.0000000122199,Amp DC,.01,T,2W,F,F,06/10/2021,18:51:43,.749516400
108,0.00349138583988,Volt DC,.01,5.5,F,F,F,F,F,F,Front,F,Main,-0.0000000128010,Amp DC,.01,T,2W,F,F,06/10/2021,18:51:43,.832161560
109,0.003491749754176,Volt DC,.01,5.5,F,F,F,F,F,F,Front,F,Main,-0.0000000133822,Amp DC,.01,T,2W,F,F,06/10/2021,18:51:43,.914805960
110,0.003481343854219,Volt DC,.01,5.5,F,F,F,F,F,F,Front,F,Main,-0.0000000128010,Amp DC,.01,T,2W,F,F,06/10/2021,18:51:43,.997466000
111,0.003470448078588,Volt DC,.01,5.5,F,F,F,F,F,F,Front,F,Main,-0.0000000157069,Amp DC,.01,T,2W,F,F,06/10/2021,18:51:44,.080116120
112,0.003485911525786,Volt DC,.01,5.5,F,F,F,F,F,F,Front,F,Main,-0.0000000110576,Amp DC,.01,T,2W,F,F,06/10/2021,18:51:44,.162759420
113,0.003489634022117,Volt DC,.01,5.5,F,F,F,F,F,F,Front,F,Main,-0.0000000128011,Amp DC,.01,T,2W,F,F,06/10/2021,18:51:44,.245397700
114,0.003493156284094,Volt DC,.01,5.5,F,F,F,F,F,F,Front,F,Main,-0.0000000139634,Amp DC,.01,T,2W,F,F,06/10/2021,18:51:44,.328043480
115,0.003491185372695,Volt DC,.01,5.5,F,F,F,F,F,F,Front,F,Main,-0.0000000139634,Amp DC,.01,T,2W,F,F,06/10/2021,18:51:44,.410692420
116,0.003483103355393,Volt DC,.01,5.5,F,F,F,F,F,F,Front,F,Main,-0.0000000116387,Amp DC,.01,T,2W,F,F,06/10/2021,18:51:44,.493345940
117,0.003467506961897,Volt DC,.01,5.5,F,F,F,F,F,F,Front,F,Main,-0.0000000116387,Amp DC,.01,T,2W,F,F,06/10/2021,18:51:44,.575987000
118,0.00348710664548,Volt DC,.01,5.5,F,F,F,F,F,F,Front,F,Main,-0.0000000128011,Amp DC,.01,T,2W,F,F,06/10/2021,18:51:44,.658625640
119,0.003490262664855,Volt DC,.01,5.5,F,F,F,F,F,F,Front,F,Main,-0.0000000122199,Amp DC,.01,T,2W,F,F,06/10/2021,18:51:44,.741268300
120,0.00349139678292,Volt DC,.01,5.5,F,F,F,F,F,F,Front,F,Main,-0.0000000116387,Amp DC,.01,T,2W,F,F,06/10/2021,18:51:44,.823919420
121,0.003490768140182,Volt DC,.01,5.5,F,F,F,F,F,F,Front,F,Main,-0.0000000133822,Amp DC,.01,T,2W,F,F,06/10/2021,18:51:44,.906564720
122,0.00348071497865,Volt DC,.01,5.5,F,F,F,F,F,F,Front,F,Main,-0.0000000145446,Amp DC,.01,T,2W,F,F,06/10/2021,18:51:44,.989211120
123,0.003463230095804,Volt DC,.01,5.5,F,F,F,F,F,F,Front,F,Main,-0.0000000174504,Amp DC,.01,T,2W,F,F,06/10/2021,18:51:45,.071851740
124,0.003487616544589,Volt DC,.01,5.5,F,F,F,F,F,F,Front,F,Main,-0.0000000104764,Amp DC,.01,T,2W,F,F,06/10/2021,18:51:45,.154511820
125,0.003490945789963,Volt DC,.01,5.5,F,F,F,F,F,F,Front,F,Main,-0.0000000110576,Amp DC,.01,T,2W,F,F,06/10/2021,18:51:45,.237173240
126,0.003490578383207,Volt DC,.01,5.5,F,F,F,F,F,F,Front,F,Main,-0.0000000098952,Amp DC,.01,T,2W,F,F,06/10/2021,18:51:45,.319815900
127,0.003491322044283,Volt DC,.01,5.5,F,F,F,F,F,F,Front,F,Main,-0.0000000098952,Amp DC,.01,T,2W,F,F,06/10/2021,18:51:45,.402459340
128,0.003479885403067,Volt DC,.01,5.5,F,F,F,F,F,F,Front,F,Main,-0.0000000110576,Amp DC,.01,T,2W,F,F,06/10/2021,18:51:45,.485115060
129,0.003469773568213,Volt DC,.01,5.5,F,F,F,F,F,F,Front,F,Main,-0.0000000122199,Amp DC,.01,T,2W,F,F,06/10/2021,18:51:45,.567765020
130,0.00348819536157,Volt DC,.01,5.5,F,F,F,F,F,F,Front,F,Main,-0.0000000098952,Amp DC,.01,T,2W,F,F,06/10/2021,18:51:45,.650416320
131,0.003489792114124,Volt DC,.01,5.5,F,F,F,F,F,F,Front,F,Main,-0.0000000075705,Amp DC,.01,T,2W,F,F,06/10/2021,18:51:45,.733074220
132,0.003495886921883,Volt DC,.01,5.5,F,F,F,F,F,F,Front,F,Main,-0.0000000075705,Amp DC,.01,T,2W,F,F,06/10/2021,18:51:45,.815713560
133,0.003490700619295,Volt DC,.01,5.5,F,F,F,F,F,F,Front,F,Main,-0.0000000087328,Amp DC,.01,T,2W,F,F,06/10/2021,18:51:45,.898360460
134,0.003479451872408,Volt DC,.01,5.5,F,F,F,F,F,F,Front,F,Main,-0.0000000110575,Amp DC,.01,T,2W,F,F,06/10/2021,18:51:45,.981012400
135,0.003480206476524,Volt DC,.01,5.5,F,F,F,F,F,F,Front,F,Main,-0.0000000104764,Amp DC,.01,T,2W,F,F,06/10/2021,18:51:46,.063656820
136,0.003488561837003,Volt DC,.01,5.5,F,F,F,F,F,F,Front,F,Main,-0.0000000093140,Amp DC,.01,T,2W,F,F,06/10/2021,18:51:46,.146298040
137,0.003491940442473,Volt DC,.01,5.5,F,F,F,F,F,F,Front,F,Main,-0.0000000093140,Amp DC,.01,T,2W,F,F,06/10/2021,18:51:46,.228941620
138,0.003497577039525,Volt DC,.01,5.5,F,F,F,F,F,F,Front,F,Main,-0.0000000069893,Amp DC,.01,T,2W,F,F,06/10/2021,18:51:46,.311598720
139,0.0034883946646,Volt DC,.01,5.5,F,F,F,F,F,F,Front,F,Main,-0.0000000110575,Amp DC,.01,T,2W,F,F,06/10/2021,18:51:46,.394240740
140,0.003478149650618,Volt DC,.01,5.5,F,F,F,F,F,F,Front,F,Main,-0.0000000110576,Amp DC,.01,T,2W,F,F,06/10/2021,18:51:46,.476877600
141,0.003485166700557,Volt DC,.01,5.5,F,F,F,F,F,F,Front,F,Main,-0.0000000128011,Amp DC,.01,T,2W,F,F,06/10/2021,18:51:46,.559539860
142,0.003487806767225,Volt DC,.01,5.5,F,F,F,F,F,F,Front,F,Main,-0.0000000087328,Amp DC,.01,T,2W,F,F,06/10/2021,18:51:46,.642205240
143,0.003491832409054,Volt DC,.01,5.5,F,F,F,F,F,F,Front,F,Main,-0.0000000081517,Amp DC,.01,T,2W,F,F,06/10/2021,18:51:46,.724859180
144,0.003497253637761,Volt DC,.01,5.5,F,F,F,F,F,F,Front,F,Main,-0.0000000087329,Amp DC,.01,T,2W,F,F,06/10/2021,18:51:46,.807518940
145,0.003490128554404,Volt DC,.01,5.5,F,F,F,F,F,F,Front,F,Main,-0.0000000104764,Amp DC,.01,T,2W,F,F,06/10/2021,18:51:46,.890169520
146,0.003476649522781,Volt DC,.01,5.5,F,F,F,F,F,F,Front,F,Main,-0.0000000128011,Amp DC,.01,T,2W,F,F,06/10/2021,18:51:46,.972821180
147,0.00348631828092,Volt DC,.01,5.5,F,F,F,F,F,F,Front,F,Main,-0.0000000104763,Amp DC,.01,T,2W,F,F,06/10/2021,18:51:47,.055458620
148,0.00348845589906,Volt DC,.01,5.5,F,F,F,F,F,F,Front,F,Main,-0.0000000116387,Amp DC,.01,T,2W,F,F,06/10/2021,18:51:47,.138114960
149,0.003492281306535,Volt DC,.01,5.5,F,F,F,F,F,F,Front,F,Main,-0.0000000093140,Amp DC,.01,T,2W,F,F,06/10/2021,18:51:47,.220757640
150,0.003496335586533,Volt DC,.01,5.5,F,F,F,F,F,F,Front,F,Main,-0.0000000064082,Amp DC,.01,T,2W,F,F,06/10/2021,18:51:47,.303420180
151,0.003488725982606,Volt DC,.01,5.5,F,F,F,F,F,F,Front,F,Main,-0.0000000116387,Amp DC,.01,T,2W,F,F,06/10/2021,18:51:47,.386060440
152,0.00347681553103,Volt DC,.01,5.5,F,F,F,F,F,F,Front,F,Main,-0.0000000116387,Amp DC,.01,T,2W,F,F,06/10/2021,18:51:47,.468715680
153,0.003486493835226,Volt DC,.01,5.5,F,F,F,F,F,F,Front,F,Main,-0.0000000110575,Amp DC,.01,T,2W,F,F,06/10/2021,18:51:47,.551353940
154,0.00348960258998,Volt DC,.01,5.5,F,F,F,F,F,F,Front,F,Main,-0.0000000128010,Amp DC,.01,T,2W,F,F,06/10/2021,18:51:47,.633995880
155,0.003493289928883,Volt DC,.01,5.5,F,F,F,F,F,F,Front,F,Main,-0.0000000104763,Amp DC,.01,T,2W,F,F,06/10/2021,18:51:47,.716636440
156,0.003495839890093,Volt DC,.01,5.5,F,F,F,F,F,F,Front,F,Main,-0.0000000122199,Amp DC,.01,T,2W,F,F,06/10/2021,18:51:47,.799282540
157,0.003487934591249,Volt DC,.01,5.5,F,F,F,F,F,F,Front,F,Main,-0.0000000128010,Amp DC,.01,T,2W,F,F,06/10/2021,18:51:47,.881929200
158,0.003478043945506,Volt DC,.01,5.5,F,F,F,F,F,F,Front,F,Main,-0.0000000087329,Amp DC,.01,T,2W,F,F,06/10/2021,18:51:47,.964567460
159,0.003487152280286,Volt DC,.01,5.5,F,F,F,F,F,F,Front,F,Main,-0.0000000104764,Amp DC,.01,T,2W,F,F,06/10/2021,18:51:48,.047218300
160,0.003489021211863,Volt DC,.01,5.5,F,F,F,F,F,F,Front,F,Main,-0.0000000098952,Amp DC,.01,T,2W,F,F,06/10/2021,18:51:48,.129862840
161,0.003492932068184,Volt DC,.01,5.5,F,F,F,F,F,F,Front,F,Main,-0.0000000104764,Amp DC,.01,T,2W,F,F,06/10/2021,18:51:48,.212498980
162,0.003494206350297,Volt DC,.01,5.5,F,F,F,F,F,F,Front,F,Main,-0.0000000133822,Amp DC,.01,T,2W,F,F,06/10/2021,18:51:48,.295158220
163,0.003487273585051,Volt DC,.01,5.5,F,F,F,F,F,F,Front,F,Main,-0.0000000104764,Amp DC,.01,T,2W,F,F,06/10/2021,18:51:48,.377794660
164,0.003476333571598,Volt DC,.01,5.5,F,F,F,F,F,F,Front,F,Main,-0.0000000128010,Amp DC,.01,T,2W,F,F,06/10/2021,18:51:48,.460446100
165,0.003487447742373,Volt DC,.01,5.5,F,F,F,F,F,F,Front,F,Main,-0.0000000104764,Amp DC,.01,T,2W,F,F,06/10/2021,18:51:48,.543079240
166,0.003491399344057,Volt DC,.01,5.5,F,F,F,F,F,F,Front,F,Main,-0.0000000116387,Amp DC,.01,T,2W,F,F,06/10/2021,18:51:48,.625735840
167,0.003493394469842,Volt DC,.01,5.5,F,F,F,F,F,F,Front,F,Main,-0.0000000110575,Amp DC,.01,T,2W,F,F,06/10/2021,18:51:48,.708380960
168,0.00349484779872,Volt DC,.01,5.5,F,F,F,F,F,F,Front,F,Main,-0.0000000110575,Amp DC,.01,T,2W,F,F,06/10/2021,18:51:48,.791028620
169,0.003487429115921,Volt DC,.01,5.5,F,F,F,F,F,F,Front,F,Main,-0.0000000104763,Amp DC,.01,T,2W,F,F,06/10/2021,18:51:48,.873659220
170,0.003474964061752,Volt DC,.01,5.5,F,F,F,F,F,F,Front,F,Main,-0.0000000133822,Amp DC,.01,T,2W,F,F,06/10/2021,18:51:48,.956304700
171,0.003486448666081,Volt DC,.01,5.5,F,F,F,F,F,F,Front,F,Main,-0.0000000087328,Amp DC,.01,T,2W,F,F,06/10/2021,18:51:49,.038941740
172,0.003491068491712,Volt DC,.01,5.5,F,F,F,F,F,F,Front,F,Main,-0.0000000110575,Amp DC,.01,T,2W,F,F,06/10/2021,18:51:49,.121597280
173,0.003494245931506,Volt DC,.01,5.5,F,F,F,F,F,F,Front,F,Main,-0.0000000081517,Amp DC,.01,T,2W,F,F,06/10/2021,18:51:49,.204251440
174,0.003493852680549,Volt DC,.01,5.5,F,F,F,F,F,F,Front,F,Main,-0.0000000128011,Amp DC,.01,T,2W,F,F,06/10/2021,18:51:49,.286913700
175,0.003485714318231,Volt DC,.01,5.5,F,F,F,F,F,F,Front,F,Main,-0.0000000116387,Amp DC,.01,T,2W,F,F,06/10/2021,18:51:49,.369558900
176,0.003473817603663,Volt DC,.01,5.5,F,F,F,F,F,F,Front,F,Main,-0.0000000116387,Amp DC,.01,T,2W,F,F,06/10/2021,18:51:49,.452216620
177,0.003488030284643,Volt DC,.01,5.5,F,F,F,F,F,F,Front,F,Main,-0.0000000104764,Amp DC,.01,T,2W,F,F,06/10/2021,18:51:49,.534865600
178,0.003490898059681,Volt DC,.01,5.5,F,F,F,F,F,F,Front,F,Main,-0.0000000116387,Amp DC,.01,T,2W,F,F,06/10/2021,18:51:49,.617529020
179,0.00349466688931,Volt DC,.01,5.5,F,F,F,F,F,F,Front,F,Main,-0.0000000116387,Amp DC,.01,T,2W,F,F,06/10/2021,18:51:49,.700197560
180,0.003493759781122,Volt DC,.01,5.5,F,F,F,F,F,F,Front,F,Main,-0.0000000128010,Amp DC,.01,T,2W,F,F,06/10/2021,18:51:49,.782853100
181,0.003484601853415,Volt DC,.01,5.5,F,F,F,F,F,F,Front,F,Main,-0.0000000128011,Amp DC,.01,T,2W,F,F,06/10/2021,18:51:49,.865514860
182,0.003473450196907,Volt DC,.01,5.5,F,F,F,F,F,F,Front,F,Main,-0.0000000104764,Amp DC,.01,T,2W,F,F,06/10/2021,18:51:49,.948171740
183,0.003490025643259,Volt DC,.01,5.5,F,F,F,F,F,F,Front,F,Main,-0.0000000122199,Amp DC,.01,T,2W,F,F,06/10/2021,18:51:50,.030803440
184,0.003492669900879,Volt DC,.01,5.5,F,F,F,F,F,F,Front,F,Main,-0.0000000104764,Amp DC,.01,T,2W,F,F,06/10/2021,18:51:50,.113419420
185,0.003495671087876,Volt DC,.01,5.5,F,F,F,F,F,F,Front,F,Main,-0.0000000087329,Amp DC,.01,T,2W,F,F,06/10/2021,18:51:50,.196058460
186,0.003495035460219,Volt DC,.01,5.5,F,F,F,F,F,F,Front,F,Main,-0.0000000139634,Amp DC,.01,T,2W,F,F,06/10/2021,18:51:50,.278705580
187,0.003484746674076,Volt DC,.01,5.5,F,F,F,F,F,F,Front,F,Main,-0.0000000104763,Amp DC,.01,T,2W,F,F,06/10/2021,18:51:50,.361357620
188,0.003469185205176,Volt DC,.01,5.5,F,F,F,F,F,F,Front,F,Main,-0.0000000116387,Amp DC,.01,T,2W,F,F,06/10/2021,18:51:50,.443997080
189,0.003489422844723,Volt DC,.01,5.5,F,F,F,F,F,F,Front,F,Main,-0.0000000110575,Amp DC,.01,T,2W,F,F,06/10/2021,18:51:50,.526637720
190,0.003492343239486,Volt DC,.01,5.5,F,F,F,F,F,F,Front,F,Main,-0.0000000128010,Amp DC,.01,T,2W,F,F,06/10/2021,18:51:50,.609290880
191,0.003493147436529,Volt DC,.01,5.5,F,F,F,F,F,F,Front,F,Main,-0.0000000122199,Amp DC,.01,T,2W,F,F,06/10/2021,18:51:50,.691936160
192,0.003492224728689,Volt DC,.01,5.5,F,F,F,F,F,F,Front,F,Main,-0.0000000133822,Amp DC,.01,T,2W,F,F,06/10/2021,18:51:50,.774587040
193,0.003481733845547,Volt DC,.01,5.5,F,F,F,F,F,F,Front,F,Main,-0.0000000116387,Amp DC,.01,T,2W,F,F,06/10/2021,18:51:50,.857243560
194,0.003464538604021,Volt DC,.01,5.5,F,F,F,F,F,F,Front,F,Main,-0.0000000151257,Amp DC,.01,T,2W,F,F,06/10/2021,18:51:50,.939895980
195,0.003488904098049,Volt DC,.01,5.5,F,F,F,F,F,F,Front,F,Main,-0.0000000128010,Amp DC,.01,T,2W,F,F,06/10/2021,18:51:51,.022540340
196,0.003492756746709,Volt DC,.01,5.5,F,F,F,F,F,F,Front,F,Main,-0.0000000128010,Amp DC,.01,T,2W,F,F,06/10/2021,18:51:51,.105187700
197,0.003491788404062,Volt DC,.01,5.5,F,F,F,F,F,F,Front,F,Main,-0.0000000139634,Amp DC,.01,T,2W,F,F,06/10/2021,18:51:51,.187829540
198,0.003493122989312,Volt DC,.01,5.5,F,F,F,F,F,F,Front,F,Main,-0.0000000151257,Amp DC,.01,T,2W,F,F,06/10/2021,18:51:51,.270476080
199,0.00348217994906,Volt DC,.01,5.5,F,F,F,F,F,F,Front,F,Main,-0.0000000157069,Amp DC,.01,T,2W,F,F,06/10/2021,18:51:51,.353125720
200,0.00347616779618,Volt DC,.01,5.5,F,F,F,F,F,F,Front,F,Main,-0.0000000128010,Amp DC,.01,T,2W,F,F,06/10/2021,18:51:51,.435776980
201,0.003489400725812,Volt DC,.01,5.5,F,F,F,F,F,F,Front,F,Main,-0.0000000110575,Amp DC,.01,T,2W,F,F,06/10/2021,18:51:51,.518417020
202,0.003492886899039,Volt DC,.01,5.5,F,F,F,F,F,F,Front,F,Main,-0.0000000128010,Amp DC,.01,T,2W,F,F,06/10/2021,18:51:51,.601054020
203,0.003502468811348,Volt DC,.01,5.5,F,F,F,F,F,F,Front,F,Main,-0.0000000098952,Amp DC,.01,T,2W,F,F,06/10/2021,18:51:51,.683695840
204,0.003493561875075,Volt DC,.01,5.5,F,F,F,F,F,F,Front,F,Main,-0.0000000116387,Amp DC,.01,T,2W,F,F,06/10/2021,18:51:51,.766347900
205,0.00348004209809,Volt DC,.01,5.5,F,F,F,F,F,F,Front,F,Main,-0.0000000139634,Amp DC,.01,T,2W,F,F,06/10/2021,18:51:51,.848987020
206,0.003488356713206,Volt DC,.01,5.5,F,F,F,F,F,F,Front,F,Main,-0.0000000122199,Amp DC,.01,T,2W,F,F,06/10/2021,18:51:51,.931634900
207,0.003490969305858,Volt DC,.01,5.5,F,F,F,F,F,F,Front,F,Main,-0.0000000110576,Amp DC,.01,T,2W,F,F,06/10/2021,18:51:52,.014328240
208,0.003493131604046,Volt DC,.01,5.5,F,F,F,F,F,F,Front,F,Main,-0.0000000110576,Amp DC,.01,T,2W,F,F,06/10/2021,18:51:52,.096967180
209,0.003499761689454,Volt DC,.01,5.5,F,F,F,F,F,F,Front,F,Main,-0.0000000087329,Amp DC,.01,T,2W,F,F,06/10/2021,18:51:52,.179620800
210,0.003492433810607,Volt DC,.01,5.5,F,F,F,F,F,F,Front,F,Main,-0.0000000098952,Amp DC,.01,T,2W,F,F,06/10/2021,18:51:52,.262261120
211,0.003480030456558,Volt DC,.01,5.5,F,F,F,F,F,F,Front,F,Main,-0.0000000122199,Amp DC,.01,T,2W,F,F,06/10/2021,18:51:52,.344901340
212,0.003489032154903,Volt DC,.01,5.5,F,F,F,F,F,F,Front,F,Main,-0.0000000128011,Amp DC,.01,T,2W,F,F,06/10/2021,18:51:52,.427545800
213,0.003492067800835,Volt DC,.01,5.5,F,F,F,F,F,F,Front,F,Main,-0.0000000110576,Amp DC,.01,T,2W,F,F,06/10/2021,18:51:52,.510186240
214,0.003495803102851,Volt DC,.01,5.5,F,F,F,F,F,F,Front,F,Main,-0.0000000081517,Amp DC,.01,T,2W,F,F,06/10/2021,18:51:52,.592829300
215,0.003498874604702,Volt DC,.01,5.5,F,F,F,F,F,F,Front,F,Main,-0.0000000110575,Amp DC,.01,T,2W,F,F,06/10/2021,18:51:52,.675476860
216,0.003491466632113,Volt DC,.01,5.5,F,F,F,F,F,F,Front,F,Main,-0.0000000087329,Amp DC,.01,T,2W,F,F,06/10/2021,18:51:52,.758139360
217,0.003480692161247,Volt DC,.01,5.5,F,F,F,F,F,F,Front,F,Main,-0.0000000098952,Amp DC,.01,T,2W,F,F,06/10/2021,18:51:52,.840778460
218,0.003487767884508,Volt DC,.01,5.5,F,F,F,F,F,F,Front,F,Main,-0.0000000087329,Amp DC,.01,T,2W,F,F,06/10/2021,18:51:52,.923437320
219,0.003491677809507,Volt DC,.01,5.5,F,F,F,F,F,F,Front,F,Main,-0.0000000075705,Amp DC,.01,T,2W,F,F,06/10/2021,18:51:53,.006079860
220,0.003496064338833,Volt DC,.01,5.5,F,F,F,F,F,F,Front,F,Main,-0.0000000075705,Amp DC,.01,T,2W,F,F,06/10/2021,18:51:53,.088713780
221,0.003498463425785,Volt DC,.01,5.5,F,F,F,F,F,F,Front,F,Main,-0.0000000098952,Amp DC,.01,T,2W,F,F,06/10/2021,18:51:53,.171365640
222,0.003490014001727,Volt DC,.01,5.5,F,F,F,F,F,F,Front,F,Main,-0.0000000098952,Amp DC,.01,T,2W,F,F,06/10/2021,18:51:53,.254005160
223,0.003478965722024,Volt DC,.01,5.5,F,F,F,F,F,F,Front,F,Main,-0.0000000122199,Amp DC,.01,T,2W,F,F,06/10/2021,18:51:53,.336653720
224,0.003489094320685,Volt DC,.01,5.5,F,F,F,F,F,F,Front,F,Main,-0.0000000098952,Amp DC,.01,T,2W,F,F,06/10/2021,18:51:53,.419305760
225,0.003492141608149,Volt DC,.01,5.5,F,F,F,F,F,F,Front,F,Main,-0.0000000098952,Amp DC,.01,T,2W,F,F,06/10/2021,18:51:53,.501948940
226,0.003496335120872,Volt DC,.01,5.5,F,F,F,F,F,F,Front,F,Main,-0.0000000075705,Amp DC,.01,T,2W,F,F,06/10/2021,18:51:53,.584591980
227,0.003496749093756,Volt DC,.01,5.5,F,F,F,F,F,F,Front,F,Main,-0.0000000098952,Amp DC,.01,T,2W,F,F,06/10/2021,18:51:53,.667263740
228,0.003490332746878,Volt DC,.01,5.5,F,F,F,F,F,F,Front,F,Main,-0.0000000122199,Amp DC,.01,T,2W,F,F,06/10/2021,18:51:53,.749911320
229,0.003477266756818,Volt DC,.01,5.5,F,F,F,F,F,F,Front,F,Main,-0.0000000116387,Amp DC,.01,T,2W,F,F,06/10/2021,18:51:53,.832551640
230,0.003490026807413,Volt DC,.01,5.5,F,F,F,F,F,F,Front,F,Main,-0.0000000122199,Amp DC,.01,T,2W,F,F,06/10/2021,18:51:53,.915186780
231,0.003493074094877,Volt DC,.01,5.5,F,F,F,F,F,F,Front,F,Main,-0.0000000104764,Amp DC,.01,T,2W,F,F,06/10/2021,18:51:53,.997833740
232,0.003494761651382,Volt DC,.01,5.5,F,F,F,F,F,F,Front,F,Main,-0.0000000104764,Amp DC,.01,T,2W,F,F,06/10/2021,18:51:54,.080486640
233,0.003496711375192,Volt DC,.01,5.5,F,F,F,F,F,F,Front,F,Main,-0.0000000110576,Amp DC,.01,T,2W,F,F,06/10/2021,18:51:54,.163140220
234,0.00348762772046,Volt DC,.01,5.5,F,F,F,F,F,F,Front,F,Main,-0.0000000110575,Amp DC,.01,T,2W,F,F,06/10/2021,18:51:54,.245801500
235,0.003475576406345,Volt DC,.01,5.5,F,F,F,F,F,F,Front,F,Main,-0.0000000139634,Amp DC,.01,T,2W,F,F,06/10/2021,18:51:54,.328458440
236,0.003489940892905,Volt DC,.01,5.5,F,F,F,F,F,F,Front,F,Main,-0.0000000116387,Amp DC,.01,T,2W,F,F,06/10/2021,18:51:54,.411092840
237,0.003492460120469,Volt DC,.01,5.5,F,F,F,F,F,F,Front,F,Main,-0.0000000151257,Amp DC,.01,T,2W,F,F,06/10/2021,18:51:54,.493733940
238,0.003496100660414,Volt DC,.01,5.5,F,F,F,F,F,F,Front,F,Main,-0.0000000139634,Amp DC,.01,T,2W,F,F,06/10/2021,18:51:54,.576387640
239,0.003495529526845,Volt DC,.01,5.5,F,F,F,F,F,F,Front,F,Main,-0.0000000145446,Amp DC,.01,T,2W,F,F,06/10/2021,18:51:54,.659026280
240,0.003488692222163,Volt DC,.01,5.5,F,F,F,F,F,F,Front,F,Main,-0.0000000151257,Amp DC,.01,T,2W,F,F,06/10/2021,18:51:54,.741677020
241,0.00347542273812,Volt DC,.01,5.5,F,F,F,F,F,F,Front,F,Main,-0.0000000104764,Amp DC,.01,T,2W,F,F,06/10/2021,18:51:54,.824323220
242,0.003489597700536,Volt DC,.01,5.5,F,F,F,F,F,F,Front,F,Main,-0.0000000133823,Amp DC,.01,T,2W,F,F,06/10/2021,18:51:54,.906959640
243,0.003493322292343,Volt DC,.01,5.5,F,F,F,F,F,F,Front,F,Main,-0.0000000133822,Amp DC,.01,T,2W,F,F,06/10/2021,18:51:54,.989605580
244,0.003495888551697,Volt DC,.01,5.5,F,F,F,F,F,F,Front,F,Main,-0.0000000122199,Amp DC,.01,T,2W,F,F,06/10/2021,18:51:55,.072237800
245,0.003495828947052,Volt DC,.01,5.5,F,F,F,F,F,F,Front,F,Main,-0.0000000145445,Amp DC,.01,T,2W,F,F,06/10/2021,18:51:55,.154871000
246,0.003487321315333,Volt DC,.01,5.5,F,F,F,F,F,F,Front,F,Main,-0.0000000116387,Amp DC,.01,T,2W,F,F,06/10/2021,18:51:55,.237525400
247,0.003472364274785,Volt DC,.01,5.5,F,F,F,F,F,F,Front,F,Main,-0.0000000110575,Amp DC,.01,T,2W,F,F,06/10/2021,18:51:55,.320165000
248,0.003490508534014,Volt DC,.01,5.5,F,F,F,F,F,F,Front,F,Main,-0.0000000104764,Amp DC,.01,T,2W,F,F,06/10/2021,18:51:55,.402798780
249,0.00349511904642,Volt DC,.01,5.5,F,F,F,F,F,F,Front,F,Main,-0.0000000116387,Amp DC,.01,T,2W,F,F,06/10/2021,18:51:55,.485439720
250,0.003494032425806,Volt DC,.01,5.5,F,F,F,F,F,F,Front,F,Main,-0.0000000128010,Amp DC,.01,T,2W,F,F,06/10/2021,18:51:55,.568095140
251,0.003494056873024,Volt DC,.01,5.5,F,F,F,F,F,F,Front,F,Main,-0.0000000122199,Amp DC,.01,T,2W,F,F,06/10/2021,18:51:55,.650762540
252,0.003484272863716,Volt DC,.01,5.5,F,F,F,F,F,F,Front,F,Main,-0.0000000122199,Amp DC,.01,T,2W,F,F,06/10/2021,18:51:55,.733409140
253,0.003465472720563,Volt DC,.01,5.5,F,F,F,F,F,F,Front,F,Main,-0.0000000098952,Amp DC,.01,T,2W,F,F,06/10/2021,18:51:55,.816052560
254,0.003490852657706,Volt DC,.01,5.5,F,F,F,F,F,F,Front,F,Main,-0.0000000093140,Amp DC,.01,T,2W,F,F,06/10/2021,18:51:55,.898725040
255,0.003493239404634,Volt DC,.01,5.5,F,F,F,F,F,F,Front,F,Main,-0.0000000128011,Amp DC,.01,T,2W,F,F,06/10/2021,18:51:55,.981365580
256,0.003492129268125,Volt DC,.01,5.5,F,F,F,F,F,F,Front,F,Main,-0.0000000087329,Amp DC,.01,T,2W,F,F,06/10/2021,18:51:56,.064011080
257,0.003493972122669,Volt DC,.01,5.5,F,F,F,F,F,F,Front,F,Main,-0.0000000110575,Amp DC,.01,T,2W,F,F,06/10/2021,18:51:56,.146657560
258,0.003481872845441,Volt DC,.01,5.5,F,F,F,F,F,F,Front,F,Main,-0.0000000133822,Amp DC,.01,T,2W,F,F,06/10/2021,18:51:56,.229321240
259,0.003473734250292,Volt DC,.01,5.5,F,F,F,F,F,F,Front,F,Main,-0.0000000093140,Amp DC,.01,T,2W,F,F,06/10/2021,18:51:56,.311967860
260,0.003490853356197,Volt DC,.01,5.5,F,F,F,F,F,F,Front,F,Main,-0.0000000110575,Amp DC,.01,T,2W,F,F,06/10/2021,18:51:56,.394621480
261,0.003493321593851,Volt DC,.01,5.5,F,F,F,F,F,F,Front,F,Main,-0.0000000133822,Amp DC,.01,T,2W,F,F,06/10/2021,18:51:56,.477266800
262,0.003500517690554,Volt DC,.01,5.5,F,F,F,F,F,F,Front,F,Main,-0.0000000110575,Amp DC,.01,T,2W,F,F,06/10/2021,18:51:56,.559920320
263,0.003492835676298,Volt DC,.01,5.5,F,F,F,F,F,F,Front,F,Main,-0.0000000128011,Amp DC,.01,T,2W,F,F,06/10/2021,18:51:56,.642557300
264,0.003482095897198,Volt DC,.01,5.5,F,F,F,F,F,F,Front,F,Main,-0.0000000116387,Amp DC,.01,T,2W,F,F,06/10/2021,18:51:56,.725213780
265,0.003484825138003,Volt DC,.01,5.5,F,F,F,F,F,F,Front,F,Main,-0.0000000128011,Amp DC,.01,T,2W,F,F,06/10/2021,18:51:56,.807874640
266,0.00349159585312,Volt DC,.01,5.5,F,F,F,F,F,F,Front,F,Main,-0.0000000174504,Amp DC,.01,T,2W,F,F,06/10/2021,18:51:56,.890525020
267,0.003495257347822,Volt DC,.01,5.5,F,F,F,F,F,F,Front,F,Main,-0.0000000151258,Amp DC,.01,T,2W,F,F,06/10/2021,18:51:56,.973148060
268,0.003502267878503,Volt DC,.01,5.5,F,F,F,F,F,F,Front,F,Main,-0.0000000128010,Amp DC,.01,T,2W,F,F,06/10/2021,18:51:57,.055784300
269,0.003494269680232,Volt DC,.01,5.5,F,F,F,F,F,F,Front,F,Main,-0.0000000145445,Amp DC,.01,T,2W,F,F,06/10/2021,18:51:57,.138443620
270,0.003482027444988,Volt DC,.01,5.5,F,F,F,F,F,F,Front,F,Main,-0.0000000133822,Amp DC,.01,T,2W,F,F,06/10/2021,18:51:57,.221098960
271,0.003488996997476,Volt DC,.01,5.5,F,F,F,F,F,F,Front,F,Main,-0.0000000157069,Amp DC,.01,T,2W,F,F,06/10/2021,18:51:57,.303743760
272,0.003492495045066,Volt DC,.01,5.5,F,F,F,F,F,F,Front,F,Main,-0.0000000151257,Amp DC,.01,T,2W,F,F,06/10/2021,18:51:57,.386398240
273,0.003494928590953,Volt DC,.01,5.5,F,F,F,F,F,F,Front,F,Main,-0.0000000133822,Amp DC,.01,T,2W,F,F,06/10/2021,18:51:57,.469055300
274,0.00349885202013,Volt DC,.01,5.5,F,F,F,F,F,F,Front,F,Main,-0.0000000104764,Amp DC,.01,T,2W,F,F,06/10/2021,18:51:57,.551698780
275,0.003492401679978,Volt DC,.01,5.5,F,F,F,F,F,F,Front,F,Main,-0.0000000087328,Amp DC,.01,T,2W,F,F,06/10/2021,18:51:57,.634345460
276,0.003481437219307,Volt DC,.01,5.5,F,F,F,F,F,F,Front,F,Main,-0.0000000116387,Amp DC,.01,T,2W,F,F,06/10/2021,18:51:57,.716986960
277,0.003489424241707,Volt DC,.01,5.5,F,F,F,F,F,F,Front,F,Main,-0.0000000087328,Amp DC,.01,T,2W,F,F,06/10/2021,18:51:57,.799642500
278,0.003493911819533,Volt DC,.01,5.5,F,F,F,F,F,F,Front,F,Main,-0.0000000098952,Amp DC,.01,T,2W,F,F,06/10/2021,18:51:57,.882300940
279,0.003496618010104,Volt DC,.01,5.5,F,F,F,F,F,F,Front,F,Main,-0.0000000098952,Amp DC,.01,T,2W,F,F,06/10/2021,18:51:57,.964940540
280,0.00349982152693,Volt DC,.01,5.5,F,F,F,F,F,F,Front,F,Main,-0.0000000098952,Amp DC,.01,T,2W,F,F,06/10/2021,18:51:58,.047595080
281,0.003492517396808,Volt DC,.01,5.5,F,F,F,F,F,F,Front,F,Main,-0.0000000128011,Amp DC,.01,T,2W,F,F,06/10/2021,18:51:58,.130233620
282,0.003481365041807,Volt DC,.01,5.5,F,F,F,F,F,F,Front,F,Main,-0.0000000133822,Amp DC,.01,T,2W,F,F,06/10/2021,18:51:58,.212872020
283,0.003491004230455,Volt DC,.01,5.5,F,F,F,F,F,F,Front,F,Main,-0.0000000116387,Amp DC,.01,T,2W,F,F,06/10/2021,18:51:58,.295535140
284,0.003493474796414,Volt DC,.01,5.5,F,F,F,F,F,F,Front,F,Main,-0.0000000133822,Amp DC,.01,T,2W,F,F,06/10/2021,18:51:58,.378167820
285,0.00349697121419,Volt DC,.01,5.5,F,F,F,F,F,F,Front,F,Main,-0.0000000104764,Amp DC,.01,T,2W,F,F,06/10/2021,18:51:58,.460800660
286,0.003497667144984,Volt DC,.01,5.5,F,F,F,F,F,F,Front,F,Main,-0.0000000145446,Amp DC,.01,T,2W,F,F,06/10/2021,18:51:58,.543439480
287,0.003491183742881,Volt DC,.01,5.5,F,F,F,F,F,F,Front,F,Main,-0.0000000128010,Amp DC,.01,T,2W,F,F,06/10/2021,18:51:58,.626088920
288,0.003478328231722,Volt DC,.01,5.5,F,F,F,F,F,F,Front,F,Main,-0.0000000128011,Amp DC,.01,T,2W,F,F,06/10/2021,18:51:58,.708730140
289,0.00348957744427,Volt DC,.01,5.5,F,F,F,F,F,F,Front,F,Main,-0.0000000122199,Amp DC,.01,T,2W,F,F,06/10/2021,18:51:58,.791377580
290,0.003493571188301,Volt DC,.01,5.5,F,F,F,F,F,F,Front,F,Main,-0.0000000151257,Amp DC,.01,T,2W,F,F,06/10/2021,18:51:58,.874040480
291,0.003495522541925,Volt DC,.01,5.5,F,F,F,F,F,F,Front,F,Main,-0.0000000151257,Amp DC,.01,T,2W,F,F,06/10/2021,18:51:58,.956681180
292,0.003498877165839,Volt DC,.01,5.5,F,F,F,F,F,F,Front,F,Main,-0.0000000162881,Amp DC,.01,T,2W,F,F,06/10/2021,18:51:59,.039318800
293,0.003489141119644,Volt DC,.01,5.5,F,F,F,F,F,F,Front,F,Main,-0.0000000133822,Amp DC,.01,T,2W,F,F,06/10/2021,18:51:59,.121962080
294,0.003477691439912,Volt DC,.01,5.5,F,F,F,F,F,F,Front,F,Main,-0.0000000128010,Amp DC,.01,T,2W,F,F,06/10/2021,18:51:59,.204599380
295,0.003492678748444,Volt DC,.01,5.5,F,F,F,F,F,F,Front,F,Main,-0.0000000133823,Amp DC,.01,T,2W,F,F,06/10/2021,18:51:59,.287222760
296,0.003494076430798,Volt DC,.01,5.5,F,F,F,F,F,F,Front,F,Main,-0.0000000104764,Amp DC,.01,T,2W,F,F,06/10/2021,18:51:59,.369853480
297,0.003498274367303,Volt DC,.01,5.5,F,F,F,F,F,F,Front,F,Main,-0.0000000110575,Amp DC,.01,T,2W,F,F,06/10/2021,18:51:59,.452513220
298,0.003497422207147,Volt DC,.01,5.5,F,F,F,F,F,F,Front,F,Main,-0.0000000139634,Amp DC,.01,T,2W,F,F,06/10/2021,18:51:59,.535164700
299,0.003488478017971,Volt DC,.01,5.5,F,F,F,F,F,F,Front,F,Main,-0.0000000174504,Amp DC,.01,T,2W,F,F,06/10/2021,18:51:59,.617812880
300,0.003477936377749,Volt DC,.01,5.5,F,F,F,F,F,F,Front,F,Main,-0.0000000145446,Amp DC,.01,T,2W,F,F,06/10/2021,18:51:59,.700478080
301,0.00349110038951,Volt DC,.01,5.5,F,F,F,F,F,F,Front,F,Main,-0.0000000145446,Amp DC,.01,T,2W,F,F,06/10/2021,18:51:59,.783134360
302,0.003494964214042,Volt DC,.01,5.5,F,F,F,F,F,F,Front,F,Main,-0.0000000139634,Amp DC,.01,T,2W,F,F,06/10/2021,18:51:59,.865787880
303,0.003497846191749,Volt DC,.01,5.5,F,F,F,F,F,F,Front,F,Main,-0.0000000116387,Amp DC,.01,T,2W,F,F,06/10/2021,18:51:59,.948442740
304,0.003498247591779,Volt DC,.01,5.5,F,F,F,F,F,F,Front,F,Main,-0.0000000151257,Amp DC,.01,T,2W,F,F,06/10/2021,18:52:00,.031085740
305,0.003486928530037,Volt DC,.01,5.5,F,F,F,F,F,F,Front,F,Main,-0.0000000209374,Amp DC,.01,T,2W,F,F,06/10/2021,18:52:00,.113728980
306,0.003472231328487,Volt DC,.01,5.5,F,F,F,F,F,F,Front,F,Main,-0.0000000139634,Amp DC,.01,T,2W,F,F,06/10/2021,18:52:00,.196363240
307,0.003491880604997,Volt DC,.01,5.5,F,F,F,F,F,F,Front,F,Main,-0.0000000139634,Amp DC,.01,T,2W,F,F,06/10/2021,18:52:00,.279007400
308,0.003495614975691,Volt DC,.01,5.5,F,F,F,F,F,F,Front,F,Main,-0.0000000128010,Amp DC,.01,T,2W,F,F,06/10/2021,18:52:00,.361647920
309,0.003496654797345,Volt DC,.01,5.5,F,F,F,F,F,F,Front,F,Main,-0.0000000122199,Amp DC,.01,T,2W,F,F,06/10/2021,18:52:00,.444300540
310,0.003495602635667,Volt DC,.01,5.5,F,F,F,F,F,F,Front,F,Main,-0.0000000122199,Amp DC,.01,T,2W,F,F,06/10/2021,18:52:00,.526947000
311,0.003486183937639,Volt DC,.01,5.5,F,F,F,F,F,F,Front,F,Main,-0.0000000139634,Amp DC,.01,T,2W,F,F,06/10/2021,18:52:00,.609590660
312,0.003466596128419,Volt DC,.01,5.5,F,F,F,F,F,F,Front,F,Main,-0.0000000110575,Amp DC,.01,T,2W,F,F,06/10/2021,18:52:00,.692253660
313,0.003493367228657,Volt DC,.01,5.5,F,F,F,F,F,F,Front,F,Main,-0.0000000116387,Amp DC,.01,T,2W,F,F,06/10/2021,18:52:00,.774896460
314,0.003493980504572,Volt DC,.01,5.5,F,F,F,F,F,F,Front,F,Main,-0.0000000093141,Amp DC,.01,T,2W,F,F,06/10/2021,18:52:00,.857552440
315,0.003494831500575,Volt DC,.01,5.5,F,F,F,F,F,F,Front,F,Main,-0.0000000081517,Amp DC,.01,T,2W,F,F,06/10/2021,18:52:00,.940177920
316,0.003497078781947,Volt DC,.01,5.5,F,F,F,F,F,F,Front,F,Main,-0.0000000133822,Amp DC,.01,T,2W,F,F,06/10/2021,18:52:01,.022833040
317,0.003483965294436,Volt DC,.01,5.5,F,F,F,F,F,F,Front,F,Main,-0.0000000093140,Amp DC,.01,T,2W,F,F,06/10/2021,18:52:01,.105476140
318,0.003478862578049,Volt DC,.01,5.5,F,F,F,F,F,F,Front,F,Main,-0.0000000098952,Amp DC,.01,T,2W,F,F,06/10/2021,18:52:01,.188139740
319,0.003491704585031,Volt DC,.01,5.5,F,F,F,F,F,F,Front,F,Main,-0.0000000122199,Amp DC,.01,T,2W,F,F,06/10/2021,18:52:01,.270793300
320,0.003494715550914,Volt DC,.01,5.5,F,F,F,F,F,F,Front,F,Main,-0.0000000110576,Amp DC,.01,T,2W,F,F,06/10/2021,18:52:01,.353444660
321,0.003505075816065,Volt DC,.01,5.5,F,F,F,F,F,F,Front,F,Main,-0.0000000110576,Amp DC,.01,T,2W,F,F,06/10/2021,18:52:01,.436066380
322,0.003495778888464,Volt DC,.01,5.5,F,F,F,F,F,F,Front,F,Main,-0.0000000128011,Amp DC,.01,T,2W,F,F,06/10/2021,18:52:01,.518708380
323,0.003482783446088,Volt DC,.01,5.5,F,F,F,F,F,F,Front,F,Main,-0.0000000104764,Amp DC,.01,T,2W,F,F,06/10/2021,18:52:01,.601360980
324,0.003490592585877,Volt DC,.01,5.5,F,F,F,F,F,F,Front,F,Main,-0.0000000139634,Amp DC,.01,T,2W,F,F,06/10/2021,18:52:01,.684023940
325,0.003492481773719,Volt DC,.01,5.5,F,F,F,F,F,F,Front,F,Main,-0.0000000110576,Amp DC,.01,T,2W,F,F,06/10/2021,18:52:01,.766644080
326,0.003495851298794,Volt DC,.01,5.5,F,F,F,F,F,F,Front,F,Main,-0.0000000116387,Amp DC,.01,T,2W,F,F,06/10/2021,18:52:01,.849299240
327,0.003502408275381,Volt DC,.01,5.5,F,F,F,F,F,F,Front,F,Main,-0.0000000104764,Amp DC,.01,T,2W,F,F,06/10/2021,18:52:01,.931931780
328,0.003494137898088,Volt DC,.01,5.5,F,F,F,F,F,F,Front,F,Main,-0.0000000133822,Amp DC,.01,T,2W,F,F,06/10/2021,18:52:02,.014577020
329,0.003482407424599,Volt DC,.01,5.5,F,F,F,F,F,F,Front,F,Main,-0.0000000110575,Amp DC,.01,T,2W,F,F,06/10/2021,18:52:02,.097221540
330,0.003489778842777,Volt DC,.01,5.5,F,F,F,F,F,F,Front,F,Main,-0.0000000104764,Amp DC,.01,T,2W,F,F,06/10/2021,18:52:02,.179860160
331,0.003493098774925,Volt DC,.01,5.5,F,F,F,F,F,F,Front,F,Main,-0.0000000104764,Amp DC,.01,T,2W,F,F,06/10/2021,18:52:02,.262507120
332,0.003496961900964,Volt DC,.01,5.5,F,F,F,F,F,F,Front,F,Main,-0.0000000128010,Amp DC,.01,T,2W,F,F,06/10/2021,18:52:02,.345163840
333,0.003498698817566,Volt DC,.01,5.5,F,F,F,F,F,F,Front,F,Main,-0.0000000128010,Amp DC,.01,T,2W,F,F,06/10/2021,18:52:02,.427819800
334,0.003493181895465,Volt DC,.01,5.5,F,F,F,F,F,F,Front,F,Main,-0.0000000104764,Amp DC,.01,T,2W,F,F,06/10/2021,18:52:02,.510491640
335,0.003480491228402,Volt DC,.01,5.5,F,F,F,F,F,F,Front,F,Main,-0.0000000133822,Amp DC,.01,T,2W,F,F,06/10/2021,18:52:02,.593131440
336,0.003489329013973,Volt DC,.01,5.5,F,F,F,F,F,F,Front,F,Main,-0.0000000128010,Amp DC,.01,T,2W,F,F,06/10/2021,18:52:02,.675786880
337,0.003493393305689,Volt DC,.01,5.5,F,F,F,F,F,F,Front,F,Main,-0.0000000128010,Amp DC,.01,T,2W,F,F,06/10/2021,18:52:02,.758434120
338,0.00349609926343,Volt DC,.01,5.5,F,F,F,F,F,F,Front,F,Main,-0.0000000104764,Amp DC,.01,T,2W,F,F,06/10/2021,18:52:02,.841075840
339,0.003499194746837,Volt DC,.01,5.5,F,F,F,F,F,F,Front,F,Main,-0.0000000116387,Amp DC,.01,T,2W,F,F,06/10/2021,18:52:02,.923714420
340,0.003491750918329,Volt DC,.01,5.5,F,F,F,F,F,F,Front,F,Main,-0.0000000128010,Amp DC,.01,T,2W,F,F,06/10/2021,18:52:03,.006352160
341,0.003479747800156,Volt DC,.01,5.5,F,F,F,F,F,F,Front,F,Main,-0.0000000128010,Amp DC,.01,T,2W,F,F,06/10/2021,18:52:03,.088998260
342,0.003491231938824,Volt DC,.01,5.5,F,F,F,F,F,F,Front,F,Main,-0.0000000122199,Amp DC,.01,T,2W,F,F,06/10/2021,18:52:03,.171647780
343,0.003494799602777,Volt DC,.01,5.5,F,F,F,F,F,F,Front,F,Main,-0.0000000110575,Amp DC,.01,T,2W,F,F,06/10/2021,18:52:03,.254292860
344,0.003496938850731,Volt DC,.01,5.5,F,F,F,F,F,F,Front,F,Main,-0.0000000139634,Amp DC,.01,T,2W,F,F,06/10/2021,18:52:03,.336940180
345,0.003499183803797,Volt DC,.01,5.5,F,F,F,F,F,F,Front,F,Main,-0.0000000145446,Amp DC,.01,T,2W,F,F,06/10/2021,18:52:03,.419592840
346,0.003490383271128,Volt DC,.01,5.5,F,F,F,F,F,F,Front,F,Main,-0.0000000128010,Amp DC,.01,T,2W,F,F,06/10/2021,18:52:03,.502231440
347,0.003478212049231,Volt DC,.01,5.5,F,F,F,F,F,F,Front,F,Main,-0.0000000081517,Amp DC,.01,T,2W,F,F,06/10/2021,18:52:03,.584865040
348,0.003492613090202,Volt DC,.01,5.5,F,F,F,F,F,F,Front,F,Main,-0.0000000075705,Amp DC,.01,T,2W,F,F,06/10/2021,18:52:03,.667524880
349,0.00349493813701,Volt DC,.01,5.5,F,F,F,F,F,F,Front,F,Main,-0.0000000098952,Amp DC,.01,T,2W,F,F,06/10/2021,18:52:03,.750171440
350,0.003498106263578,Volt DC,.01,5.5,F,F,F,F,F,F,Front,F,Main,-0.0000000122199,Amp DC,.01,T,2W,F,F,06/10/2021,18:52:03,.832823720
351,0.003497847588733,Volt DC,.01,5.5,F,F,F,F,F,F,Front,F,Main,-0.0000000104764,Amp DC,.01,T,2W,F,F,06/10/2021,18:52:03,.915476700
352,0.003488734830171,Volt DC,.01,5.5,F,F,F,F,F,F,Front,F,Main,-0.0000000098952,Amp DC,.01,T,2W,F,F,06/10/2021,18:52:03,.998127620
353,0.003477900288999,Volt DC,.01,5.5,F,F,F,F,F,F,Front,F,Main,-0.0000000052459,Amp DC,.01,T,2W,F,F,06/10/2021,18:52:04,.080738980
354,0.003490623785183,Volt DC,.01,5.5,F,F,F,F,F,F,Front,F,Main,-0.0000000093141,Amp DC,.01,T,2W,F,F,06/10/2021,18:52:04,.163385040
355,0.003494383767247,Volt DC,.01,5.5,F,F,F,F,F,F,Front,F,Main,-0.0000000087329,Amp DC,.01,T,2W,F,F,06/10/2021,18:52:04,.246019520
356,0.00349839264527,Volt DC,.01,5.5,F,F,F,F,F,F,Front,F,Main,-0.0000000093140,Amp DC,.01,T,2W,F,F,06/10/2021,18:52:04,.328657180
357,0.003495946293697,Volt DC,.01,5.5,F,F,F,F,F,F,Front,F,Main,-0.0000000122199,Amp DC,.01,T,2W,F,F,06/10/2021,18:52:04,.411293180
358,0.003486905479804,Volt DC,.01,5.5,F,F,F,F,F,F,Front,F,Main,-0.0000000145446,Amp DC,.01,T,2W,F,F,06/10/2021,18:52:04,.493939620
359,0.003474216675386,Volt DC,.01,5.5,F,F,F,F,F,F,Front,F,Main,-0.0000000104764,Amp DC,.01,T,2W,F,F,06/10/2021,18:52:04,.576591060
360,0.003491572570056,Volt DC,.01,5.5,F,F,F,F,F,F,Front,F,Main,-0.0000000116387,Amp DC,.01,T,2W,F,F,06/10/2021,18:52:04,.659234220
361,0.003495367243886,Volt DC,.01,5.5,F,F,F,F,F,F,Front,F,Main,-0.0000000122199,Amp DC,.01,T,2W,F,F,06/10/2021,18:52:04,.741881920
362,0.003495981451124,Volt DC,.01,5.5,F,F,F,F,F,F,Front,F,Main,-0.0000000110575,Amp DC,.01,T,2W,F,F,06/10/2021,18:52:04,.824534960
363,0.003496855730191,Volt DC,.01,5.5,F,F,F,F,F,F,Front,F,Main,-0.0000000133822,Amp DC,.01,T,2W,F,F,06/10/2021,18:52:04,.907186580
364,0.003491903888062,Volt DC,.01,5.5,F,F,F,F,F,F,Front,F,Main,-0.0000000116387,Amp DC,.01,T,2W,F,F,06/10/2021,18:52:04,.989830280
365,0.003472163109109,Volt DC,.01,5.5,F,F,F,F,F,F,Front,F,Main,-0.0000000098952,Amp DC,.01,T,2W,F,F,06/10/2021,18:52:05,.072461680
366,0.003497411496937,Volt DC,.01,5.5,F,F,F,F,F,F,Front,F,Main,-0.0000000064082,Amp DC,.01,T,2W,F,F,06/10/2021,18:52:05,.155111500
367,0.00350042199716,Volt DC,.01,5.5,F,F,F,F,F,F,Front,F,Main,-0.0000000098952,Amp DC,.01,T,2W,F,F,06/10/2021,18:52:05,.237758740
368,0.003503233892843,Volt DC,.01,5.5,F,F,F,F,F,F,Front,F,Main,-0.0000000075705,Amp DC,.01,T,2W,F,F,06/10/2021,18:52:05,.320409320
369,0.003499300451949,Volt DC,.01,5.5,F,F,F,F,F,F,Front,F,Main,-0.0000000098952,Amp DC,.01,T,2W,F,F,06/10/2021,18:52:05,.403035860
370,0.003487651236355,Volt DC,.01,5.5,F,F,F,F,F,F,Front,F,Main,-0.0000000122199,Amp DC,.01,T,2W,F,F,06/10/2021,18:52:05,.485700600
371,0.003493960248306,Volt DC,.01,5.5,F,F,F,F,F,F,Front,F,Main,-0.0000000104764,Amp DC,.01,T,2W,F,F,06/10/2021,18:52:05,.568350700
372,0.003498226637021,Volt DC,.01,5.5,F,F,F,F,F,F,Front,F,Main,-0.0000000075705,Amp DC,.01,T,2W,F,F,06/10/2021,18:52:05,.650987920
373,0.003501310246065,Volt DC,.01,5.5,F,F,F,F,F,F,Front,F,Main,-0.0000000081517,Amp DC,.01,T,2W,F,F,06/10/2021,18:52:05,.733641300
374,0.003505598288029,Volt DC,.01,5.5,F,F,F,F,F,F,Front,F,Main,-0.0000000098952,Amp DC,.01,T,2W,F,F,06/10/2021,18:52:05,.816304380
375,0.003497872501612,Volt DC,.01,5.5,F,F,F,F,F,F,Front,F,Main,-0.0000000081517,Amp DC,.01,T,2W,F,F,06/10/2021,18:52:05,.898944840
376,0.003486234229058,Volt DC,.01,5.5,F,F,F,F,F,F,Front,F,Main,-0.0000000122199,Amp DC,.01,T,2W,F,F,06/10/2021,18:52:05,.981591880
377,0.003494774922729,Volt DC,.01,5.5,F,F,F,F,F,F,Front,F,Main,-0.0000000116387,Amp DC,.01,T,2W,F,F,06/10/2021,18:52:06,.064247920
378,0.003498119302094,Volt DC,.01,5.5,F,F,F,F,F,F,Front,F,Main,-0.0000000098952,Amp DC,.01,T,2W,F,F,06/10/2021,18:52:06,.146891460
379,0.003501237602904,Volt DC,.01,5.5,F,F,F,F,F,F,Front,F,Main,-0.0000000069894,Amp DC,.01,T,2W,F,F,06/10/2021,18:52:06,.229538820
380,0.003502703504637,Volt DC,.01,5.5,F,F,F,F,F,F,Front,F,Main,-0.0000000110575,Amp DC,.01,T,2W,F,F,06/10/2021,18:52:06,.312196720
381,0.003496205201373,Volt DC,.01,5.5,F,F,F,F,F,F,Front,F,Main,-0.0000000081517,Amp DC,.01,T,2W,F,F,06/10/2021,18:52:06,.394834500
382,0.003483099862933,Volt DC,.01,5.5,F,F,F,F,F,F,Front,F,Main,-0.0000000093141,Amp DC,.01,T,2W,F,F,06/10/2021,18:52:06,.477486220
383,0.003494809847325,Volt DC,.01,5.5,F,F,F,F,F,F,Front,F,Main,-0.0000000098952,Amp DC,.01,T,2W,F,F,06/10/2021,18:52:06,.560130820
384,0.003498960286379,Volt DC,.01,5.5,F,F,F,F,F,F,Front,F,Main,-0.0000000081517,Amp DC,.01,T,2W,F,F,06/10/2021,18:52:06,.642768940
385,0.003502019448206,Volt DC,.01,5.5,F,F,F,F,F,F,Front,F,Main,-0.0000000081517,Amp DC,.01,T,2W,F,F,06/10/2021,18:52:06,.725415000
386,0.003501533530653,Volt DC,.01,5.5,F,F,F,F,F,F,Front,F,Main,-0.0000000110575,Amp DC,.01,T,2W,F,F,06/10/2021,18:52:06,.808059360
387,0.003492626361549,Volt DC,.01,5.5,F,F,F,F,F,F,Front,F,Main,-0.0000000128010,Amp DC,.01,T,2W,F,F,06/10/2021,18:52:06,.890701160
388,0.00348092825152,Volt DC,.01,5.5,F,F,F,F,F,F,Front,F,Main,-0.0000000104764,Amp DC,.01,T,2W,F,F,06/10/2021,18:52:06,.973347600
389,0.003495801938698,Volt DC,.01,5.5,F,F,F,F,F,F,Front,F,Main,-0.0000000104764,Amp DC,.01,T,2W,F,F,06/10/2021,18:52:07,.055986520
390,0.003499323735014,Volt DC,.01,5.5,F,F,F,F,F,F,Front,F,Main,-0.0000000122199,Amp DC,.01,T,2W,F,F,06/10/2021,18:52:07,.138645180
391,0.003500527702272,Volt DC,.01,5.5,F,F,F,F,F,F,Front,F,Main,-0.0000000064082,Amp DC,.01,T,2W,F,F,06/10/2021,18:52:07,.221291980
392,0.003499939106405,Volt DC,.01,5.5,F,F,F,F,F,F,Front,F,Main,-0.0000000098952,Amp DC,.01,T,2W,F,F,06/10/2021,18:52:07,.303953040
393,0.00348936393857,Volt DC,.01,5.5,F,F,F,F,F,F,Front,F,Main,-0.0000000104764,Amp DC,.01,T,2W,F,F,06/10/2021,18:52:07,.386600000
394,0.00347374426201,Volt DC,.01,5.5,F,F,F,F,F,F,Front,F,Main,-0.0000000128011,Amp DC,.01,T,2W,F,F,06/10/2021,18:52:07,.469256580
395,0.003497374476865,Volt DC,.01,5.5,F,F,F,F,F,F,Front,F,Main,-0.0000000128011,Amp DC,.01,T,2W,F,F,06/10/2021,18:52:07,.551911940
396,0.003499846439809,Volt DC,.01,5.5,F,F,F,F,F,F,Front,F,Main,-0.0000000069893,Amp DC,.01,T,2W,F,F,06/10/2021,18:52:07,.634568260
397,0.003506615525112,Volt DC,.01,5.5,F,F,F,F,F,F,Front,F,Main,-0.0000000087328,Amp DC,.01,T,2W,F,F,06/10/2021,18:52:07,.717215960
398,0.003500562394038,Volt DC,.01,5.5,F,F,F,F,F,F,Front,F,Main,-0.0000000145446,Amp DC,.01,T,2W,F,F,06/10/2021,18:52:07,.799869700
399,0.003487047273666,Volt DC,.01,5.5,F,F,F,F,F,F,Front,F,Main,-0.0000000081517,Amp DC,.01,T,2W,F,F,06/10/2021,18:52:07,.882506840
400,0.003495615441352,Volt DC,.01,5.5,F,F,F,F,F,F,Front,F,Main,-0.0000000081517,Amp DC,.01,T,2W,F,F,06/10/2021,18:52:07,.965146400
401,0.003498094854876,Volt DC,.01,5.5,F,F,F,F,F,F,Front,F,Main,-0.0000000081517,Amp DC,.01,T,2W,F,F,06/10/2021,18:52:08,.047785040
402,0.003500456456095,Volt DC,.01,5.5,F,F,F,F,F,F,Front,F,Main,-0.0000000029212,Amp DC,.01,T,2W,F,F,06/10/2021,18:52:08,.130437280
403,0.003505668835714,Volt DC,.01,5.5,F,F,F,F,F,F,Front,F,Main,-0.0000000052458,Amp DC,.01,T,2W,F,F,06/10/2021,18:52:08,.213093860
404,0.003498225938529,Volt DC,.01,5.5,F,F,F,F,F,F,Front,F,Main,-0.0000000087329,Amp DC,.01,T,2W,F,F,06/10/2021,18:52:08,.295740740
405,0.003485438646749,Volt DC,.01,5.5,F,F,F,F,F,F,Front,F,Main,-0.0000000087329,Amp DC,.01,T,2W,F,F,06/10/2021,18:52:08,.378389680
406,0.003495023818687,Volt DC,.01,5.5,F,F,F,F,F,F,Front,F,Main,-0.0000000046647,Amp DC,.01,T,2W,F,F,06/10/2021,18:52:08,.461038320
407,0.003499123733491,Volt DC,.01,5.5,F,F,F,F,F,F,Front,F,Main,-0.0000000075705,Amp DC,.01,T,2W,F,F,06/10/2021,18:52:08,.543681840
408,0.003502618754283,Volt DC,.01,5.5,F,F,F,F,F,F,Front,F,Main,-0.0000000069894,Amp DC,.01,T,2W,F,F,06/10/2021,18:52:08,.626312060
409,0.003504831343889,Volt DC,.01,5.5,F,F,F,F,F,F,Front,F,Main,-0.0000000093140,Amp DC,.01,T,2W,F,F,06/10/2021,18:52:08,.708957720
410,0.003496960503981,Volt DC,.01,5.5,F,F,F,F,F,F,Front,F,Main,-0.0000000064082,Amp DC,.01,T,2W,F,F,06/10/2021,18:52:08,.791627300
411,0.003483300562948,Volt DC,.01,5.5,F,F,F,F,F,F,Front,F,Main,-0.0000000081517,Amp DC,.01,T,2W,F,F,06/10/2021,18:52:08,.874268780
412,0.003496924415231,Volt DC,.01,5.5,F,F,F,F,F,F,Front,F,Main,-0.0000000064082,Amp DC,.01,T,2W,F,F,06/10/2021,18:52:08,.956917720
413,0.003499843645841,Volt DC,.01,5.5,F,F,F,F,F,F,Front,F,Main,-0.0000000087329,Amp DC,.01,T,2W,F,F,06/10/2021,18:52:09,.039564240
414,0.003501850413159,Volt DC,.01,5.5,F,F,F,F,F,F,Front,F,Main,-0.0000000040835,Amp DC,.01,T,2W,F,F,06/10/2021,18:52:09,.122187340
415,0.003502026665956,Volt DC,.01,5.5,F,F,F,F,F,F,Front,F,Main,-0.0000000093141,Amp DC,.01,T,2W,F,F,06/10/2021,18:52:09,.204818500
416,0.003491573501378,Volt DC,.01,5.5,F,F,F,F,F,F,Front,F,Main,-0.0000000081517,Amp DC,.01,T,2W,F,F,06/10/2021,18:52:09,.287470100
417,0.003479806007817,Volt DC,.01,5.5,F,F,F,F,F,F,Front,F,Main,-0.0000000104764,Amp DC,.01,T,2W,F,F,06/10/2021,18:52:09,.370118360
418,0.003496135352179,Volt DC,.01,5.5,F,F,F,F,F,F,Front,F,Main,-0.0000000058270,Amp DC,.01,T,2W,F,F,06/10/2021,18:52:09,.452780160
419,0.003499810583889,Volt DC,.01,5.5,F,F,F,F,F,F,Front,F,Main,-0.0000000069893,Amp DC,.01,T,2W,F,F,06/10/2021,18:52:09,.535434880
420,0.003500010585412,Volt DC,.01,5.5,F,F,F,F,F,F,Front,F,Main,-0.0000000122199,Amp DC,.01,T,2W,F,F,06/10/2021,18:52:09,.618084400
421,0.003499516285956,Volt DC,.01,5.5,F,F,F,F,F,F,Front,F,Main,-0.0000000064081,Amp DC,.01,T,2W,F,F,06/10/2021,18:52:09,.700754400
422,0.003489669412374,Volt DC,.01,5.5,F,F,F,F,F,F,Front,F,Main,-0.0000000075705,Amp DC,.01,T,2W,F,F,06/10/2021,18:52:09,.783400660
423,0.003479049541056,Volt DC,.01,5.5,F,F,F,F,F,F,Front,F,Main,-0.0000000075705,Amp DC,.01,T,2W,F,F,06/10/2021,18:52:09,.866064460
424,0.003498994279653,Volt DC,.01,5.5,F,F,F,F,F,F,Front,F,Main,-0.0000000122199,Amp DC,.01,T,2W,F,F,06/10/2021,18:52:09,.948715580
425,0.003500470425934,Volt DC,.01,5.5,F,F,F,F,F,F,Front,F,Main,-0.0000000098952,Amp DC,.01,T,2W,F,F,06/10/2021,18:52:10,.031358160
426,0.003509155008942,Volt DC,.01,5.5,F,F,F,F,F,F,Front,F,Main,-0.0000000052458,Amp DC,.01,T,2W,F,F,06/10/2021,18:52:10,.114012100
427,0.003500919090584,Volt DC,.01,5.5,F,F,F,F,F,F,Front,F,Main,-0.0000000081517,Amp DC,.01,T,2W,F,F,06/10/2021,18:52:10,.196664800
428,0.003486681496724,Volt DC,.01,5.5,F,F,F,F,F,F,Front,F,Main,-0.0000000081517,Amp DC,.01,T,2W,F,F,06/10/2021,18:52:10,.279309260
429,0.003494916018099,Volt DC,.01,5.5,F,F,F,F,F,F,Front,F,Main,-0.0000000087329,Amp DC,.01,T,2W,F,F,06/10/2021,18:52:10,.361951820
430,0.003498876001686,Volt DC,.01,5.5,F,F,F,F,F,F,Front,F,Main,-0.0000000081517,Amp DC,.01,T,2W,F,F,06/10/2021,18:52:10,.444595360
431,0.003500327467918,Volt DC,.01,5.5,F,F,F,F,F,F,Front,F,Main,-0.0000000081517,Amp DC,.01,T,2W,F,F,06/10/2021,18:52:10,.527263280
432,0.003505855565891,Volt DC,.01,5.5,F,F,F,F,F,F,Front,F,Main,-0.0000000087329,Amp DC,.01,T,2W,F,F,06/10/2021,18:52:10,.609922940
433,0.003496309975162,Volt DC,.01,5.5,F,F,F,F,F,F,Front,F,Main,-0.0000000093140,Amp DC,.01,T,2W,F,F,06/10/2021,18:52:10,.692567400
434,0.003484575310722,Volt DC,.01,5.5,F,F,F,F,F,F,Front,F,Main,-0.0000000075706,Amp DC,.01,T,2W,F,F,06/10/2021,18:52:10,.775225420
435,0.003495623823255,Volt DC,.01,5.5,F,F,F,F,F,F,Front,F,Main,-0.0000000069894,Amp DC,.01,T,2W,F,F,06/10/2021,18:52:10,.857892980
436,0.00349894631654,Volt DC,.01,5.5,F,F,F,F,F,F,Front,F,Main,-0.0000000110575,Amp DC,.01,T,2W,F,F,06/10/2021,18:52:10,.940539680
437,0.003500483930111,Volt DC,.01,5.5,F,F,F,F,F,F,Front,F,Main,-0.0000000098952,Amp DC,.01,T,2W,F,F,06/10/2021,18:52:11,.023188540
438,0.003504689317197,Volt DC,.01,5.5,F,F,F,F,F,F,Front,F,Main,-0.0000000133822,Amp DC,.01,T,2W,F,F,06/10/2021,18:52:11,.105828800
439,0.003495375160128,Volt DC,.01,5.5,F,F,F,F,F,F,Front,F,Main,-0.0000000116387,Amp DC,.01,T,2W,F,F,06/10/2021,18:52:11,.188473280
440,0.003484246786684,Volt DC,.01,5.5,F,F,F,F,F,F,Front,F,Main,-0.0000000093140,Amp DC,.01,T,2W,F,F,06/10/2021,18:52:11,.271132820
441,0.003497375873849,Volt DC,.01,5.5,F,F,F,F,F,F,Front,F,Main,-0.0000000098952,Amp DC,.01,T,2W,F,F,06/10/2021,18:52:11,.353782380
442,0.003500188468024,Volt DC,.01,5.5,F,F,F,F,F,F,Front,F,Main,-0.0000000069893,Amp DC,.01,T,2W,F,F,06/10/2021,18:52:11,.436435560
443,0.003504049731418,Volt DC,.01,5.5,F,F,F,F,F,F,Front,F,Main,-0.0000000075705,Amp DC,.01,T,2W,F,F,06/10/2021,18:52:11,.519089660
444,0.003501330735162,Volt DC,.01,5.5,F,F,F,F,F,F,Front,F,Main,-0.0000000110576,Amp DC,.01,T,2W,F,F,06/10/2021,18:52:11,.601731840
445,0.003492402145639,Volt DC,.01,5.5,F,F,F,F,F,F,Front,F,Main,-0.0000000098952,Amp DC,.01,T,2W,F,F,06/10/2021,18:52:11,.684382300
446,0.003477228572592,Volt DC,.01,5.5,F,F,F,F,F,F,Front,F,Main,-0.0000000122199,Amp DC,.01,T,2W,F,F,06/10/2021,18:52:11,.767030360
447,0.003496962599456,Volt DC,.01,5.5,F,F,F,F,F,F,Front,F,Main,-0.0000000075705,Amp DC,.01,T,2W,F,F,06/10/2021,18:52:11,.849684400
448,0.003500767285004,Volt DC,.01,5.5,F,F,F,F,F,F,Front,F,Main,-0.0000000069893,Amp DC,.01,T,2W,F,F,06/10/2021,18:52:11,.932328080
449,0.003502088366076,Volt DC,.01,5.5,F,F,F,F,F,F,Front,F,Main,-0.0000000098952,Amp DC,.01,T,2W,F,F,06/10/2021,18:52:12,.014959660
450,0.003501696279272,Volt DC,.01,5.5,F,F,F,F,F,F,Front,F,Main,-0.0000000104764,Amp DC,.01,T,2W,F,F,06/10/2021,18:52:12,.097606060
451,0.003491407260299,Volt DC,.01,5.5,F,F,F,F,F,F,Front,F,Main,-0.0000000110576,Amp DC,.01,T,2W,F,F,06/10/2021,18:52:12,.180249680
452,0.003487506648526,Volt DC,.01,5.5,F,F,F,F,F,F,Front,F,Main,-0.0000000069894,Amp DC,.01,T,2W,F,F,06/10/2021,18:52:12,.262882980
453,0.003501320024952,Volt DC,.01,5.5,F,F,F,F,F,F,Front,F,Main,-0.0000000064082,Amp DC,.01,T,2W,F,F,06/10/2021,18:52:12,.345525640
454,0.003504441352561,Volt DC,.01,5.5,F,F,F,F,F,F,Front,F,Main,-0.0000000058270,Amp DC,.01,T,2W,F,F,06/10/2021,18:52:12,.428176960
455,0.003510029055178,Volt DC,.01,5.5,F,F,F,F,F,F,Front,F,Main,-0.0000000035023,Amp DC,.01,T,2W,F,F,06/10/2021,18:52:12,.510820280
456,0.003502303501591,Volt DC,.01,5.5,F,F,F,F,F,F,Front,F,Main,-0.0000000064082,Amp DC,.01,T,2W,F,F,06/10/2021,18:52:12,.593452000
457,0.003489719703794,Volt DC,.01,5.5,F,F,F,F,F,F,Front,F,Main,-0.0000000093140,Amp DC,.01,T,2W,F,F,06/10/2021,18:52:12,.676112980
458,0.003498367732391,Volt DC,.01,5.5,F,F,F,F,F,F,Front,F,Main,-0.0000000075705,Amp DC,.01,T,2W,F,F,06/10/2021,18:52:12,.758787260
459,0.003501724917442,Volt DC,.01,5.5,F,F,F,F,F,F,Front,F,Main,-0.0000000087328,Amp DC,.01,T,2W,F,F,06/10/2021,18:52:12,.841427160
460,0.003503638319671,Volt DC,.01,5.5,F,F,F,F,F,F,Front,F,Main,-0.0000000058270,Amp DC,.01,T,2W,F,F,06/10/2021,18:52:12,.924076220
461,0.003507122630253,Volt DC,.01,5.5,F,F,F,F,F,F,Front,F,Main,-0.0000000081517,Amp DC,.01,T,2W,F,F,06/10/2021,18:52:13,.006726700
462,0.003499774960801,Volt DC,.01,5.5,F,F,F,F,F,F,Front,F,Main,-0.0000000075705,Amp DC,.01,T,2W,F,F,06/10/2021,18:52:13,.089382780
463,0.003485963912681,Volt DC,.01,5.5,F,F,F,F,F,F,Front,F,Main,-0.0000000081517,Amp DC,.01,T,2W,F,F,06/10/2021,18:52:13,.172027820
464,0.003498746315017,Volt DC,.01,5.5,F,F,F,F,F,F,Front,F,Main,-0.0000000081517,Amp DC,.01,T,2W,F,F,06/10/2021,18:52:13,.254672560
465,0.003501677652821,Volt DC,.01,5.5,F,F,F,F,F,F,Front,F,Main,-0.0000000081517,Amp DC,.01,T,2W,F,F,06/10/2021,18:52:13,.337313440
466,0.003505455330014,Volt DC,.01,5.5,F,F,F,F,F,F,Front,F,Main,-0.0000000058270,Amp DC,.01,T,2W,F,F,06/10/2021,18:52:13,.419953940
467,0.00350565649569,Volt DC,.01,5.5,F,F,F,F,F,F,Front,F,Main,-0.0000000093140,Amp DC,.01,T,2W,F,F,06/10/2021,18:52:13,.502592760
468,0.003495342331007,Volt DC,.01,5.5,F,F,F,F,F,F,Front,F,Main,-0.0000000075705,Amp DC,.01,T,2W,F,F,06/10/2021,18:52:13,.585241320
469,0.003481139661744,Volt DC,.01,5.5,F,F,F,F,F,F,Front,F,Main,-0.0000000110576,Amp DC,.01,T,2W,F,F,06/10/2021,18:52:13,.667874780
470,0.00349911255762,Volt DC,.01,5.5,F,F,F,F,F,F,Front,F,Main,-0.0000000075705,Amp DC,.01,T,2W,F,F,06/10/2021,18:52:13,.750545800
471,0.00350263225846,Volt DC,.01,5.5,F,F,F,F,F,F,Front,F,Main,-0.0000000081517,Amp DC,.01,T,2W,F,F,06/10/2021,18:52:13,.833173840
472,0.003501901403069,Volt DC,.01,5.5,F,F,F,F,F,F,Front,F,Main,-0.0000000075705,Amp DC,.01,T,2W,F,F,06/10/2021,18:52:13,.915818880
473,0.003503057174385,Volt DC,.01,5.5,F,F,F,F,F,F,Front,F,Main,-0.0000000081517,Amp DC,.01,T,2W,F,F,06/10/2021,18:52:13,.998467020
474,0.003491976531222,Volt DC,.01,5.5,F,F,F,F,F,F,Front,F,Main,-0.0000000104764,Amp DC,.01,T,2W,F,F,06/10/2021,18:52:14,.081115680
475,0.003483358537778,Volt DC,.01,5.5,F,F,F,F,F,F,Front,F,Main,-0.0000000087329,Amp DC,.01,T,2W,F,F,06/10/2021,18:52:14,.163744420
476,0.003499631071463,Volt DC,.01,5.5,F,F,F,F,F,F,Front,F,Main,-0.0000000058270,Amp DC,.01,T,2W,F,F,06/10/2021,18:52:14,.246380820
477,0.003503551473841,Volt DC,.01,5.5,F,F,F,F,F,F,Front,F,Main,-0.0000000098952,Amp DC,.01,T,2W,F,F,06/10/2021,18:52:14,.329028080
478,0.00350986327976,Volt DC,.01,5.5,F,F,F,F,F,F,Front,F,Main,-0.0000000069894,Amp DC,.01,T,2W,F,F,06/10/2021,18:52:14,.411674460
479,0.00350148556754,Volt DC,.01,5.5,F,F,F,F,F,F,Front,F,Main,-0.0000000110576,Amp DC,.01,T,2W,F,F,06/10/2021,18:52:14,.494323940
480,0.003489907132462,Volt DC,.01,5.5,F,F,F,F,F,F,Front,F,Main,-0.0000000058270,Amp DC,.01,T,2W,F,F,06/10/2021,18:52:14,.576956840
481,0.003497964702547,Volt DC,.01,5.5,F,F,F,F,F,F,Front,F,Main,-0.0000000081517,Amp DC,.01,T,2W,F,F,06/10/2021,18:52:14,.659600100
482,0.003501877188683,Volt DC,.01,5.5,F,F,F,F,F,F,Front,F,Main,-0.0000000046647,Amp DC,.01,T,2W,F,F,06/10/2021,18:52:14,.742249440
483,0.003504688851535,Volt DC,.01,5.5,F,F,F,F,F,F,Front,F,Main,-0.0000000052458,Amp DC,.01,T,2W,F,F,06/10/2021,18:52:14,.824893100
484,0.00350681389682,Volt DC,.01,5.5,F,F,F,F,F,F,Front,F,Main,-0.0000000058270,Amp DC,.01,T,2W,F,F,06/10/2021,18:52:14,.907536300
485,0.003498178673908,Volt DC,.01,5.5,F,F,F,F,F,F,Front,F,Main,-0.0000000093140,Amp DC,.01,T,2W,F,F,06/10/2021,18:52:14,.990180080
486,0.003485959023237,Volt DC,.01,5.5,F,F,F,F,F,F,Front,F,Main,-0.0000000110576,Amp DC,.01,T,2W,F,F,06/10/2021,18:52:15,.072837640
487,0.003498236881569,Volt DC,.01,5.5,F,F,F,F,F,F,Front,F,Main,-0.0000000093140,Amp DC,.01,T,2W,F,F,06/10/2021,18:52:15,.155475420
488,0.00350198126398,Volt DC,.01,5.5,F,F,F,F,F,F,Front,F,Main,-0.0000000098952,Amp DC,.01,T,2W,F,F,06/10/2021,18:52:15,.238112640
489,0.003503884421661,Volt DC,.01,5.5,F,F,F,F,F,F,Front,F,Main,-0.0000000087329,Amp DC,.01,T,2W,F,F,06/10/2021,18:52:15,.320766100
490,0.003504700260237,Volt DC,.01,5.5,F,F,F,F,F,F,Front,F,Main,-0.0000000098952,Amp DC,.01,T,2W,F,F,06/10/2021,18:52:15,.403406300
491,0.003494917182252,Volt DC,.01,5.5,F,F,F,F,F,F,Front,F,Main,-0.0000000110575,Amp DC,.01,T,2W,F,F,06/10/2021,18:52:15,.486051700
492,0.003482026280835,Volt DC,.01,5.5,F,F,F,F,F,F,Front,F,Main,-0.0000000087329,Amp DC,.01,T,2W,F,F,06/10/2021,18:52:15,.568701600
493,0.003499182639644,Volt DC,.01,5.5,F,F,F,F,F,F,Front,F,Main,-0.0000000081517,Amp DC,.01,T,2W,F,F,06/10/2021,18:52:15,.651338220
494,0.003501641564071,Volt DC,.01,5.5,F,F,F,F,F,F,Front,F,Main,-0.0000000093140,Amp DC,.01,T,2W,F,F,06/10/2021,18:52:15,.733982420
495,0.003503851126879,Volt DC,.01,5.5,F,F,F,F,F,F,Front,F,Main,-0.0000000052458,Amp DC,.01,T,2W,F,F,06/10/2021,18:52:15,.816626620
496,0.003502739826217,Volt DC,.01,5.5,F,F,F,F,F,F,Front,F,Main,-0.0000000093140,Amp DC,.01,T,2W,F,F,06/10/2021,18:52:15,.899274800
497,0.003491798648611,Volt DC,.01,5.5,F,F,F,F,F,F,Front,F,Main,-0.0000000069893,Amp DC,.01,T,2W,F,F,06/10/2021,18:52:15,.981920600
498,0.00348147074692,Volt DC,.01,5.5,F,F,F,F,F,F,Front,F,Main,-0.0000000069894,Amp DC,.01,T,2W,F,F,06/10/2021,18:52:16,.064560800
499,0.003499404760078,Volt DC,.01,5.5,F,F,F,F,F,F,Front,F,Main,-0.0000000075706,Amp DC,.01,T,2W,F,F,06/10/2021,18:52:16,.147193300
500,0.003503388492391,Volt DC,.01,5.5,F,F,F,F,F,F,Front,F,Main,-0.0000000064082,Amp DC,.01,T,2W,F,F,06/10/2021,18:52:16,.229849120
501,0.003511032788083,Volt DC,.01,5.5,F,F,F,F,F,F,Front,F,Main,-0.0000000087329,Amp DC,.01,T,2W,F,F,06/10/2021,18:52:16,.312488620
502,0.003501983359456,Volt DC,.01,5.5,F,F,F,F,F,F,Front,F,Main,-0.0000000098952,Amp DC,.01,T,2W,F,F,06/10/2021,18:52:16,.395135060
503,0.003490034257993,Volt DC,.01,5.5,F,F,F,F,F,F,Front,F,Main,-0.0000000075706,Amp DC,.01,T,2W,F,F,06/10/2021,18:52:16,.477780780
504,0.00349664199166,Volt DC,.01,5.5,F,F,F,F,F,F,Front,F,Main,-0.0000000093140,Amp DC,.01,T,2W,F,F,06/10/2021,18:52:16,.560439620
505,0.003500401973724,Volt DC,.01,5.5,F,F,F,F,F,F,Front,F,Main,-0.0000000075705,Amp DC,.01,T,2W,F,F,06/10/2021,18:52:16,.643087480
506,0.003503661602736,Volt DC,.01,5.5,F,F,F,F,F,F,Front,F,Main,-0.0000000081517,Amp DC,.01,T,2W,F,F,06/10/2021,18:52:16,.725744360
507,0.003508278401569,Volt DC,.01,5.5,F,F,F,F,F,F,Front,F,Main,-0.0000000122199,Amp DC,.01,T,2W,F,F,06/10/2021,18:52:16,.808377800
508,0.003498827805743,Volt DC,.01,5.5,F,F,F,F,F,F,Front,F,Main,-0.0000000098952,Amp DC,.01,T,2W,F,F,06/10/2021,18:52:16,.891022580
509,0.003486185101792,Volt DC,.01,5.5,F,F,F,F,F,F,Front,F,Main,-0.0000000064082,Amp DC,.01,T,2W,F,F,06/10/2021,18:52:16,.973663000
510,0.003497668541968,Volt DC,.01,5.5,F,F,F,F,F,F,Front,F,Main,-0.0000000087329,Amp DC,.01,T,2W,F,F,06/10/2021,18:52:17,.056314120
511,0.003502251813188,Volt DC,.01,5.5,F,F,F,F,F,F,Front,F,Main,-0.0000000075706,Amp DC,.01,T,2W,F,F,06/10/2021,18:52:17,.138926260
512,0.003503541229293,Volt DC,.01,5.5,F,F,F,F,F,F,Front,F,Main,-0.0000000110576,Amp DC,.01,T,2W,F,F,06/10/2021,18:52:17,.221577280
513,0.003504959633574,Volt DC,.01,5.5,F,F,F,F,F,F,Front,F,Main,-0.0000000087329,Amp DC,.01,T,2W,F,F,06/10/2021,18:52:17,.304214260
514,0.003495388431475,Volt DC,.01,5.5,F,F,F,F,F,F,Front,F,Main,-0.0000000128011,Amp DC,.01,T,2W,F,F,06/10/2021,18:52:17,.386873460
515,0.003484106855467,Volt DC,.01,5.5,F,F,F,F,F,F,Front,F,Main,-0.0000000104764,Amp DC,.01,T,2W,F,F,06/10/2021,18:52:17,.469515980
516,0.003498285310343,Volt DC,.01,5.5,F,F,F,F,F,F,Front,F,Main,-0.0000000093140,Amp DC,.01,T,2W,F,F,06/10/2021,18:52:17,.552170660
517,0.003502385690808,Volt DC,.01,5.5,F,F,F,F,F,F,Front,F,Main,-0.0000000058270,Amp DC,.01,T,2W,F,F,06/10/2021,18:52:17,.634809520
518,0.003503272077069,Volt DC,.01,5.5,F,F,F,F,F,F,Front,F,Main,-0.0000000093140,Amp DC,.01,T,2W,F,F,06/10/2021,18:52:17,.717465620
519,0.003502574749291,Volt DC,.01,5.5,F,F,F,F,F,F,Front,F,Main,-0.0000000104764,Amp DC,.01,T,2W,F,F,06/10/2021,18:52:17,.800103400
520,0.00349252927117,Volt DC,.01,5.5,F,F,F,F,F,F,Front,F,Main,-0.0000000116387,Amp DC,.01,T,2W,F,F,06/10/2021,18:52:17,.882743380
521,0.003472762880847,Volt DC,.01,5.5,F,F,F,F,F,F,Front,F,Main,-0.0000000116387,Amp DC,.01,T,2W,F,F,06/10/2021,18:52:17,.965394300
522,0.003499276703224,Volt DC,.01,5.5,F,F,F,F,F,F,Front,F,Main,-0.0000000087329,Amp DC,.01,T,2W,F,F,06/10/2021,18:52:18,.048035860
523,0.003501818981022,Volt DC,.01,5.5,F,F,F,F,F,F,Front,F,Main,-0.0000000081517,Amp DC,.01,T,2W,F,F,06/10/2021,18:52:18,.130676240
524,0.003503531450406,Volt DC,.01,5.5,F,F,F,F,F,F,Front,F,Main,-0.0000000122199,Amp DC,.01,T,2W,F,F,06/10/2021,18:52:18,.213319200
525,0.003498827340081,Volt DC,.01,5.5,F,F,F,F,F,F,Front,F,Main,-0.0000000104764,Amp DC,.01,T,2W,F,F,06/10/2021,18:52:18,.295960980
526,0.00348736718297,Volt DC,.01,5.5,F,F,F,F,F,F,Front,F,Main,-0.0000000110575,Amp DC,.01,T,2W,F,F,06/10/2021,18:52:18,.378600480
527,0.003491525072604,Volt DC,.01,5.5,F,F,F,F,F,F,Front,F,Main,-0.0000000087329,Amp DC,.01,T,2W,F,F,06/10/2021,18:52:18,.461250780
528,0.00349685549736,Volt DC,.01,5.5,F,F,F,F,F,F,Front,F,Main,-0.0000000081517,Amp DC,.01,T,2W,F,F,06/10/2021,18:52:18,.543908280
529,0.003500954480842,Volt DC,.01,5.5,F,F,F,F,F,F,Front,F,Main,-0.0000000087329,Amp DC,.01,T,2W,F,F,06/10/2021,18:52:18,.626554140
530,0.003507180837914,Volt DC,.01,5.5,F,F,F,F,F,F,Front,F,Main,-0.0000000075705,Amp DC,.01,T,2W,F,F,06/10/2021,18:52:18,.709212700
531,0.00349770532921,Volt DC,.01,5.5,F,F,F,F,F,F,Front,F,Main,-0.0000000110575,Amp DC,.01,T,2W,F,F,06/10/2021,18:52:18,.791869420
532,0.003486091969535,Volt DC,.01,5.5,F,F,F,F,F,F,Front,F,Main,-0.0000000093140,Amp DC,.01,T,2W,F,F,06/10/2021,18:52:18,.874513100
533,0.003495375160128,Volt DC,.01,5.5,F,F,F,F,F,F,Front,F,Main,-0.0000000145446,Amp DC,.01,T,2W,F,F,06/10/2021,18:52:18,.957157480
534,0.003498069709167,Volt DC,.01,5.5,F,F,F,F,F,F,Front,F,Main,-0.0000000087329,Amp DC,.01,T,2W,F,F,06/10/2021,18:52:19,.039817300
535,0.003500445047393,Volt DC,.01,5.5,F,F,F,F,F,F,Front,F,Main,-0.0000000087329,Amp DC,.01,T,2W,F,F,06/10/2021,18:52:19,.122464900
536,0.003503539599478,Volt DC,.01,5.5,F,F,F,F,F,F,Front,F,Main,-0.0000000116387,Amp DC,.01,T,2W,F,F,06/10/2021,18:52:19,.205107960
537,0.003496734658256,Volt DC,.01,5.5,F,F,F,F,F,F,Front,F,Main,-0.0000000133822,Amp DC,.01,T,2W,F,F,06/10/2021,18:52:19,.287772480
538,0.003483976237476,Volt DC,.01,5.5,F,F,F,F,F,F,Front,F,Main,-0.0000000116387,Amp DC,.01,T,2W,F,F,06/10/2021,18:52:19,.370412520
539,0.00349442102015,Volt DC,.01,5.5,F,F,F,F,F,F,Front,F,Main,-0.0000000098952,Amp DC,.01,T,2W,F,F,06/10/2021,18:52:19,.453066080
540,0.003498604521155,Volt DC,.01,5.5,F,F,F,F,F,F,Front,F,Main,-0.0000000128010,Amp DC,.01,T,2W,F,F,06/10/2021,18:52:19,.535705340
541,0.003502160077915,Volt DC,.01,5.5,F,F,F,F,F,F,Front,F,Main,-0.0000000104764,Amp DC,.01,T,2W,F,F,06/10/2021,18:52:19,.618360040
542,0.00350251304917,Volt DC,.01,5.5,F,F,F,F,F,F,Front,F,Main,-0.0000000133822,Amp DC,.01,T,2W,F,F,06/10/2021,18:52:19,.701004780
543,0.003494692035019,Volt DC,.01,5.5,F,F,F,F,F,F,Front,F,Main,-0.0000000093140,Amp DC,.01,T,2W,F,F,06/10/2021,18:52:19,.783657740
544,0.003481613937765,Volt DC,.01,5.5,F,F,F,F,F,F,Front,F,Main,-0.0000000139634,Amp DC,.01,T,2W,F,F,06/10/2021,18:52:19,.866323180
545,0.003496264340356,Volt DC,.01,5.5,F,F,F,F,F,F,Front,F,Main,-0.0000000116387,Amp DC,.01,T,2W,F,F,06/10/2021,18:52:19,.948957020
546,0.003499534446746,Volt DC,.01,5.5,F,F,F,F,F,F,Front,F,Main,-0.0000000104764,Amp DC,.01,T,2W,F,F,06/10/2021,18:52:20,.031570880
547,0.003501970088109,Volt DC,.01,5.5,F,F,F,F,F,F,Front,F,Main,-0.0000000116387,Amp DC,.01,T,2W,F,F,06/10/2021,18:52:20,.114205380
548,0.003502561012283,Volt DC,.01,5.5,F,F,F,F,F,F,Front,F,Main,-0.0000000139634,Amp DC,.01,T,2W,F,F,06/10/2021,18:52:20,.196846480
549,0.00349286175333,Volt DC,.01,5.5,F,F,F,F,F,F,Front,F,Main,-0.0000000133822,Amp DC,.01,T,2W,F,F,06/10/2021,18:52:20,.279488140
550,0.003476256504655,Volt DC,.01,5.5,F,F,F,F,F,F,Front,F,Main,-0.0000000157070,Amp DC,.01,T,2W,F,F,06/10/2021,18:52:20,.362122600
551,0.003498339094222,Volt DC,.01,5.5,F,F,F,F,F,F,Front,F,Main,-0.0000000122199,Amp DC,.01,T,2W,F,F,06/10/2021,18:52:20,.444746500
552,0.003500113263726,Volt DC,.01,5.5,F,F,F,F,F,F,Front,F,Main,-0.0000000098952,Amp DC,.01,T,2W,F,F,06/10/2021,18:52:20,.527394040
553,0.003500705119222,Volt DC,.01,5.5,F,F,F,F,F,F,Front,F,Main,-0.0000000081517,Amp DC,.01,T,2W,F,F,06/10/2021,18:52:20,.610040320
554,0.003501982893795,Volt DC,.01,5.5,F,F,F,F,F,F,Front,F,Main,-0.0000000122199,Amp DC,.01,T,2W,F,F,06/10/2021,18:52:20,.692691440
555,0.003489043097943,Volt DC,.01,5.5,F,F,F,F,F,F,Front,F,Main,-0.0000000069894,Amp DC,.01,T,2W,F,F,06/10/2021,18:52:20,.775343460
556,0.003485053312033,Volt DC,.01,5.5,F,F,F,F,F,F,Front,F,Main,-0.0000000104763,Amp DC,.01,T,2W,F,F,06/10/2021,18:52:20,.857988760
557,0.003498969366774,Volt DC,.01,5.5,F,F,F,F,F,F,Front,F,Main,-0.0000000093140,Amp DC,.01,T,2W,F,F,06/10/2021,18:52:20,.940625060
558,0.00350084877573,Volt DC,.01,5.5,F,F,F,F,F,F,Front,F,Main,-0.0000000104764,Amp DC,.01,T,2W,F,F,06/10/2021,18:52:21,.023272060
559,0.003507619723678,Volt DC,.01,5.5,F,F,F,F,F,F,Front,F,Main,-0.0000000064082,Amp DC,.01,T,2W,F,F,06/10/2021,18:52:21,.105921460
560,0.003499287646264,Volt DC,.01,5.5,F,F,F,F,F,F,Front,F,Main,-0.0000000116387,Amp DC,.01,T,2W,F,F,06/10/2021,18:52:21,.188555020
561,0.003487578826025,Volt DC,.01,5.5,F,F,F,F,F,F,Front,F,Main,-0.0000000104764,Amp DC,.01,T,2W,F,F,06/10/2021,18:52:21,.271215400
562,0.003496112301946,Volt DC,.01,5.5,F,F,F,F,F,F,Front,F,Main,-0.0000000098952,Amp DC,.01,T,2W,F,F,06/10/2021,18:52:21,.353867680
563,0.003499254584312,Volt DC,.01,5.5,F,F,F,F,F,F,Front,F,Main,-0.0000000081517,Amp DC,.01,T,2W,F,F,06/10/2021,18:52:21,.436504740
564,0.003502740059048,Volt DC,.01,5.5,F,F,F,F,F,F,Front,F,Main,-0.0000000064082,Amp DC,.01,T,2W,F,F,06/10/2021,18:52:21,.519159100
565,0.003505644155666,Volt DC,.01,5.5,F,F,F,F,F,F,Front,F,Main,-0.0000000133822,Amp DC,.01,T,2W,F,F,06/10/2021,18:52:21,.601786760
566,0.003497124416754,Volt DC,.01,5.5,F,F,F,F,F,F,Front,F,Main,-0.0000000104764,Amp DC,.01,T,2W,F,F,06/10/2021,18:52:21,.684453860
567,0.003485722467303,Volt DC,.01,5.5,F,F,F,F,F,F,Front,F,Main,-0.0000000110576,Amp DC,.01,T,2W,F,F,06/10/2021,18:52:21,.767082520
568,0.003495815675706,Volt DC,.01,5.5,F,F,F,F,F,F,Front,F,Main,-0.0000000122199,Amp DC,.01,T,2W,F,F,06/10/2021,18:52:21,.849720440
569,0.003499877639115,Volt DC,.01,5.5,F,F,F,F,F,F,Front,F,Main,-0.0000000116387,Amp DC,.01,T,2W,F,F,06/10/2021,18:52:21,.932374380
570,0.003502760780975,Volt DC,.01,5.5,F,F,F,F,F,F,Front,F,Main,-0.0000000110576,Amp DC,.01,T,2W,F,F,06/10/2021,18:52:22,.015011160
571,0.003503672545776,Volt DC,.01,5.5,F,F,F,F,F,F,Front,F,Main,-0.0000000116387,Amp DC,.01,T,2W,F,F,06/10/2021,18:52:22,.097659220
572,0.003495035693049,Volt DC,.01,5.5,F,F,F,F,F,F,Front,F,Main,-0.0000000122199,Amp DC,.01,T,2W,F,F,06/10/2021,18:52:22,.180298700
573,0.003481934312731,Volt DC,.01,5.5,F,F,F,F,F,F,Front,F,Main,-0.0000000093140,Amp DC,.01,T,2W,F,F,06/10/2021,18:52:22,.262964380
574,0.003497150726616,Volt DC,.01,5.5,F,F,F,F,F,F,Front,F,Main,-0.0000000075705,Amp DC,.01,T,2W,F,F,06/10/2021,18:52:22,.345619820
575,0.003498274134472,Volt DC,.01,5.5,F,F,F,F,F,F,Front,F,Main,-0.0000000081517,Amp DC,.01,T,2W,F,F,06/10/2021,18:52:22,.428265060
576,0.003501070197672,Volt DC,.01,5.5,F,F,F,F,F,F,Front,F,Main,-0.0000000110576,Amp DC,.01,T,2W,F,F,06/10/2021,18:52:22,.510912020
577,0.003500185441226,Volt DC,.01,5.5,F,F,F,F,F,F,Front,F,Main,-0.0000000139634,Amp DC,.01,T,2W,F,F,06/10/2021,18:52:22,.593568880
578,0.003492234740406,Volt DC,.01,5.5,F,F,F,F,F,F,Front,F,Main,-0.0000000104764,Amp DC,.01,T,2W,F,F,06/10/2021,18:52:22,.676226340
579,0.003477145917714,Volt DC,.01,5.5,F,F,F,F,F,F,Front,F,Main,-0.0000000116387,Amp DC,.01,T,2W,F,F,06/10/2021,18:52:22,.758873520
580,0.003493913682178,Volt DC,.01,5.5,F,F,F,F,F,F,Front,F,Main,-0.0000000081517,Amp DC,.01,T,2W,F,F,06/10/2021,18:52:22,.841523400
581,0.003499479265884,Volt DC,.01,5.5,F,F,F,F,F,F,Front,F,Main,-0.0000000075705,Amp DC,.01,T,2W,F,F,06/10/2021,18:52:22,.924158840
582,0.003498707199469,Volt DC,.01,5.5,F,F,F,F,F,F,Front,F,Main,-0.0000000064082,Amp DC,.01,T,2W,F,F,06/10/2021,18:52:23,.006805700
583,0.003500264603645,Volt DC,.01,5.5,F,F,F,F,F,F,Front,F,Main,-0.0000000110576,Amp DC,.01,T,2W,F,F,06/10/2021,18:52:23,.089435300
584,0.003490305505693,Volt DC,.01,5.5,F,F,F,F,F,F,Front,F,Main,-0.0000000116388,Amp DC,.01,T,2W,F,F,06/10/2021,18:52:23,.172048020
585,0.003474415978417,Volt DC,.01,5.5,F,F,F,F,F,F,Front,F,Main,-0.0000000098952,Amp DC,.01,T,2W,F,F,06/10/2021,18:52:23,.254691700
586,0.003497491823509,Volt DC,.01,5.5,F,F,F,F,F,F,Front,F,Main,-0.0000000116387,Amp DC,.01,T,2W,F,F,06/10/2021,18:52:23,.337348740
587,0.003499026875943,Volt DC,.01,5.5,F,F,F,F,F,F,Front,F,Main,-0.0000000069894,Amp DC,.01,T,2W,F,F,06/10/2021,18:52:23,.419974040
588,0.003505893517286,Volt DC,.01,5.5,F,F,F,F,F,F,Front,F,Main,-0.0000000081517,Amp DC,.01,T,2W,F,F,06/10/2021,18:52:23,.502638260
589,0.003498756792396,Volt DC,.01,5.5,F,F,F,F,F,F,Front,F,Main,-0.0000000081517,Amp DC,.01,T,2W,F,F,06/10/2021,18:52:23,.585277160
590,0.003487578127533,Volt DC,.01,5.5,F,F,F,F,F,F,Front,F,Main,-0.0000000081517,Amp DC,.01,T,2W,F,F,06/10/2021,18:52:23,.667938760
591,0.003494776086882,Volt DC,.01,5.5,F,F,F,F,F,F,Front,F,Main,-0.0000000075705,Amp DC,.01,T,2W,F,F,06/10/2021,18:52:23,.750598940
592,0.003496500197798,Volt DC,.01,5.5,F,F,F,F,F,F,Front,F,Main,-0.0000000081517,Amp DC,.01,T,2W,F,F,06/10/2021,18:52:23,.833229320
593,0.003499433165416,Volt DC,.01,5.5,F,F,F,F,F,F,Front,F,Main,-0.0000000069893,Amp DC,.01,T,2W,F,F,06/10/2021,18:52:23,.915856200
594,0.003505776869133,Volt DC,.01,5.5,F,F,F,F,F,F,Front,F,Main,-0.0000000075705,Amp DC,.01,T,2W,F,F,06/10/2021,18:52:23,.998523740
595,0.003498543752357,Volt DC,.01,5.5,F,F,F,F,F,F,Front,F,Main,-0.0000000093140,Amp DC,.01,T,2W,F,F,06/10/2021,18:52:24,.081162340
596,0.003484650747851,Volt DC,.01,5.5,F,F,F,F,F,F,Front,F,Main,-0.0000000110575,Amp DC,.01,T,2W,F,F,06/10/2021,18:52:24,.163812000
597,0.003492780728266,Volt DC,.01,5.5,F,F,F,F,F,F,Front,F,Main,-0.0000000098952,Amp DC,.01,T,2W,F,F,06/10/2021,18:52:24,.246452300
598,0.003497022204101,Volt DC,.01,5.5,F,F,F,F,F,F,Front,F,Main,-0.0000000110575,Amp DC,.01,T,2W,F,F,06/10/2021,18:52:24,.329109000
599,0.003501960542053,Volt DC,.01,5.5,F,F,F,F,F,F,Front,F,Main,-0.0000000104764,Amp DC,.01,T,2W,F,F,06/10/2021,18:52:24,.411741920
600,0.003504381515086,Volt DC,.01,5.5,F,F,F,F,F,F,Front,F,Main,-0.0000000104764,Amp DC,.01,T,2W,F,F,06/10/2021,18:52:24,.494389240
601,0.003496784716845,Volt DC,.01,5.5,F,F,F,F,F,F,Front,F,Main,-0.0000000110575,Amp DC,.01,T,2W,F,F,06/10/2021,18:52:24,.577046320
602,0.003482606029138,Volt DC,.01,5.5,F,F,F,F,F,F,Front,F,Main,-0.0000000116387,Amp DC,.01,T,2W,F,F,06/10/2021,18:52:24,.659695020
603,0.003494115313515,Volt DC,.01,5.5,F,F,F,F,F,F,Front,F,Main,-0.0000000093140,Amp DC,.01,T,2W,F,F,06/10/2021,18:52:24,.742351280
604,0.00349875818938,Volt DC,.01,5.5,F,F,F,F,F,F,Front,F,Main,-0.0000000098952,Amp DC,.01,T,2W,F,F,06/10/2021,18:52:24,.824997000
605,0.003500397317111,Volt DC,.01,5.5,F,F,F,F,F,F,Front,F,Main,-0.0000000104764,Amp DC,.01,T,2W,F,F,06/10/2021,18:52:24,.907638620
606,0.003502420615405,Volt DC,.01,5.5,F,F,F,F,F,F,Front,F,Main,-0.0000000110575,Amp DC,.01,T,2W,F,F,06/10/2021,18:52:24,.990277680
607,0.003493580734357,Volt DC,.01,5.5,F,F,F,F,F,F,Front,F,Main,-0.0000000098952,Amp DC,.01,T,2W,F,F,06/10/2021,18:52:25,.072934600
608,0.003480029758066,Volt DC,.01,5.5,F,F,F,F,F,F,Front,F,Main,-0.0000000104764,Amp DC,.01,T,2W,F,F,06/10/2021,18:52:25,.155571900
609,0.003496713237837,Volt DC,.01,5.5,F,F,F,F,F,F,Front,F,Main,-0.0000000104764,Amp DC,.01,T,2W,F,F,06/10/2021,18:52:25,.238224040
610,0.003498768433928,Volt DC,.01,5.5,F,F,F,F,F,F,Front,F,Main,-0.0000000122199,Amp DC,.01,T,2W,F,F,06/10/2021,18:52:25,.320875980
611,0.003500412451103,Volt DC,.01,5.5,F,F,F,F,F,F,Front,F,Main,-0.0000000116387,Amp DC,.01,T,2W,F,F,06/10/2021,18:52:25,.403514940
612,0.00350064993836,Volt DC,.01,5.5,F,F,F,F,F,F,Front,F,Main,-0.0000000110575,Amp DC,.01,T,2W,F,F,06/10/2021,18:52:25,.486166940
613,0.003490179777145,Volt DC,.01,5.5,F,F,F,F,F,F,Front,F,Main,-0.0000000116387,Amp DC,.01,T,2W,F,F,06/10/2021,18:52:25,.568800020
614,0.00347431236878,Volt DC,.01,5.5,F,F,F,F,F,F,Front,F,Main,-0.0000000104764,Amp DC,.01,T,2W,F,F,06/10/2021,18:52:25,.651441480
615,0.003498413134366,Volt DC,.01,5.5,F,F,F,F,F,F,Front,F,Main,-0.0000000110576,Amp DC,.01,T,2W,F,F,06/10/2021,18:52:25,.734094080
616,0.003500258550048,Volt DC,.01,5.5,F,F,F,F,F,F,Front,F,Main,-0.0000000093140,Amp DC,.01,T,2W,F,F,06/10/2021,18:52:25,.816745600
617,0.003499182406813,Volt DC,.01,5.5,F,F,F,F,F,F,Front,F,Main,-0.0000000098952,Amp DC,.01,T,2W,F,F,06/10/2021,18:52:25,.899418060
618,0.003499217797071,Volt DC,.01,5.5,F,F,F,F,F,F,Front,F,Main,-0.0000000145446,Amp DC,.01,T,2W,F,F,06/10/2021,18:52:25,.982071760
619,0.003489504801109,Volt DC,.01,5.5,F,F,F,F,F,F,Front,F,Main,-0.0000000098952,Amp DC,.01,T,2W,F,F,06/10/2021,18:52:26,.064709580
620,0.003484804881737,Volt DC,.01,5.5,F,F,F,F,F,F,Front,F,Main,-0.0000000081517,Amp DC,.01,T,2W,F,F,06/10/2021,18:52:26,.147362460
621,0.003498261794448,Volt DC,.01,5.5,F,F,F,F,F,F,Front,F,Main,-0.0000000098952,Amp DC,.01,T,2W,F,F,06/10/2021,18:52:26,.230018860
622,0.003500670660287,Volt DC,.01,5.5,F,F,F,F,F,F,Front,F,Main,-0.0000000075705,Amp DC,.01,T,2W,F,F,06/10/2021,18:52:26,.312671620
623,0.003506863256916,Volt DC,.01,5.5,F,F,F,F,F,F,Front,F,Main,-0.0000000093140,Amp DC,.01,T,2W,F,F,06/10/2021,18:52:26,.395324300
624,0.003498541424051,Volt DC,.01,5.5,F,F,F,F,F,F,Front,F,Main,-0.0000000110576,Amp DC,.01,T,2W,F,F,06/10/2021,18:52:26,.477954960
625,0.003486326429993,Volt DC,.01,5.5,F,F,F,F,F,F,Front,F,Main,-0.0000000075705,Amp DC,.01,T,2W,F,F,06/10/2021,18:52:26,.560590600
626,0.003494137665257,Volt DC,.01,5.5,F,F,F,F,F,F,Front,F,Main,-0.0000000098952,Amp DC,.01,T,2W,F,F,06/10/2021,18:52:26,.643245260
627,0.003495934419334,Volt DC,.01,5.5,F,F,F,F,F,F,Front,F,Main,-0.0000000116387,Amp DC,.01,T,2W,F,F,06/10/2021,18:52:26,.725902500
628,0.003501354949549,Volt DC,.01,5.5,F,F,F,F,F,F,Front,F,Main,-0.0000000098952,Amp DC,.01,T,2W,F,F,06/10/2021,18:52:26,.808569220
629,0.003502736100927,Volt DC,.01,5.5,F,F,F,F,F,F,Front,F,Main,-0.0000000133823,Amp DC,.01,T,2W,F,F,06/10/2021,18:52:26,.891202220
630,0.003497242229059,Volt DC,.01,5.5,F,F,F,F,F,F,Front,F,Main,-0.0000000110576,Amp DC,.01,T,2W,F,F,06/10/2021,18:52:26,.973835280
631,0.003483443986624,Volt DC,.01,5.5,F,F,F,F,F,F,Front,F,Main,-0.0000000122199,Amp DC,.01,T,2W,F,F,06/10/2021,18:52:27,.056485040
632,0.003492426127195,Volt DC,.01,5.5,F,F,F,F,F,F,Front,F,Main,-0.0000000093140,Amp DC,.01,T,2W,F,F,06/10/2021,18:52:27,.139118920
633,0.003496773773804,Volt DC,.01,5.5,F,F,F,F,F,F,Front,F,Main,-0.0000000110575,Amp DC,.01,T,2W,F,F,06/10/2021,18:52:27,.221773280
634,0.003498436650261,Volt DC,.01,5.5,F,F,F,F,F,F,Front,F,Main,-0.0000000087329,Amp DC,.01,T,2W,F,F,06/10/2021,18:52:27,.304418580
635,0.003500612452626,Volt DC,.01,5.5,F,F,F,F,F,F,Front,F,Main,-0.0000000110575,Amp DC,.01,T,2W,F,F,06/10/2021,18:52:27,.387076500
636,0.003493995871395,Volt DC,.01,5.5,F,F,F,F,F,F,Front,F,Main,-0.0000000087329,Amp DC,.01,T,2W,F,F,06/10/2021,18:52:27,.469735300
637,0.003481566440314,Volt DC,.01,5.5,F,F,F,F,F,F,Front,F,Main,-0.0000000116387,Amp DC,.01,T,2W,F,F,06/10/2021,18:52:27,.552390540
638,0.003493688534945,Volt DC,.01,5.5,F,F,F,F,F,F,Front,F,Main,-0.0000000098952,Amp DC,.01,T,2W,F,F,06/10/2021,18:52:27,.635057580
639,0.003497045021504,Volt DC,.01,5.5,F,F,F,F,F,F,Front,F,Main,-0.0000000093140,Amp DC,.01,T,2W,F,F,06/10/2021,18:52:27,.717712740
640,0.00350108416751,Volt DC,.01,5.5,F,F,F,F,F,F,Front,F,Main,-0.0000000104764,Amp DC,.01,T,2W,F,F,06/10/2021,18:52:27,.800358040
641,0.003501202445477,Volt DC,.01,5.5,F,F,F,F,F,F,Front,F,Main,-0.0000000162881,Amp DC,.01,T,2W,F,F,06/10/2021,18:52:27,.883012640
642,0.003491169773042,Volt DC,.01,5.5,F,F,F,F,F,F,Front,F,Main,-0.0000000133822,Amp DC,.01,T,2W,F,F,06/10/2021,18:52:27,.965668700
643,0.003479521954432,Volt DC,.01,5.5,F,F,F,F,F,F,Front,F,Main,-0.0000000110575,Amp DC,.01,T,2W,F,F,06/10/2021,18:52:28,.048319880
644,0.003495874581859,Volt DC,.01,5.5,F,F,F,F,F,F,Front,F,Main,-0.0000000104764,Amp DC,.01,T,2W,F,F,06/10/2021,18:52:28,.130956300
645,0.003498673439026,Volt DC,.01,5.5,F,F,F,F,F,F,Front,F,Main,-0.0000000104764,Amp DC,.01,T,2W,F,F,06/10/2021,18:52:28,.213600540
646,0.003500518156216,Volt DC,.01,5.5,F,F,F,F,F,F,Front,F,Main,-0.0000000093140,Amp DC,.01,T,2W,F,F,06/10/2021,18:52:28,.296259260
647,0.003498876467347,Volt DC,.01,5.5,F,F,F,F,F,F,Front,F,Main,-0.0000000087328,Amp DC,.01,T,2W,F,F,06/10/2021,18:52:28,.378895640
648,0.003490450559184,Volt DC,.01,5.5,F,F,F,F,F,F,Front,F,Main,-0.0000000110575,Amp DC,.01,T,2W,F,F,06/10/2021,18:52:28,.461546780
649,0.003472561948001,Volt DC,.01,5.5,F,F,F,F,F,F,Front,F,Main,-0.0000000087329,Amp DC,.01,T,2W,F,F,06/10/2021,18:52:28,.544200920
650,0.00349564733915,Volt DC,.01,5.5,F,F,F,F,F,F,Front,F,Main,-0.0000000093141,Amp DC,.01,T,2W,F,F,06/10/2021,18:52:28,.626851420
651,0.003497847123072,Volt DC,.01,5.5,F,F,F,F,F,F,Front,F,Main,-0.0000000046647,Amp DC,.01,T,2W,F,F,06/10/2021,18:52:28,.709508920
652,0.003499028040096,Volt DC,.01,5.5,F,F,F,F,F,F,Front,F,Main,-0.0000000075705,Amp DC,.01,T,2W,F,F,06/10/2021,18:52:28,.792161200
653,0.003499677870423,Volt DC,.01,5.5,F,F,F,F,F,F,Front,F,Main,-0.0000000075705,Amp DC,.01,T,2W,F,F,06/10/2021,18:52:28,.874821740
654,0.003489033784717,Volt DC,.01,5.5,F,F,F,F,F,F,Front,F,Main,-0.0000000104764,Amp DC,.01,T,2W,F,F,06/10/2021,18:52:28,.957471780
655,0.003484824672341,Volt DC,.01,5.5,F,F,F,F,F,F,Front,F,Main,-0.0000000110576,Amp DC,.01,T,2W,F,F,06/10/2021,18:52:29,.040157480
656,0.003498427569866,Volt DC,.01,5.5,F,F,F,F,F,F,Front,F,Main,-0.0000000058270,Amp DC,.01,T,2W,F,F,06/10/2021,18:52:29,.122799240
657,0.003501853207126,Volt DC,.01,5.5,F,F,F,F,F,F,Front,F,Main,-0.0000000087329,Amp DC,.01,T,2W,F,F,06/10/2021,18:52:29,.205436520
658,0.003506652079523,Volt DC,.01,5.5,F,F,F,F,F,F,Front,F,Main,-0.0000000069893,Amp DC,.01,T,2W,F,F,06/10/2021,18:52:29,.288100520
659,0.003498983336613,Volt DC,.01,5.5,F,F,F,F,F,F,Front,F,Main,-0.0000000075705,Amp DC,.01,T,2W,F,F,06/10/2021,18:52:29,.370735760
660,0.003487273817882,Volt DC,.01,5.5,F,F,F,F,F,F,Front,F,Main,-0.0000000104764,Amp DC,.01,T,2W,F,F,06/10/2021,18:52:29,.453380780
661,0.00349648995325,Volt DC,.01,5.5,F,F,F,F,F,F,Front,F,Main,-0.0000000098952,Amp DC,.01,T,2W,F,F,06/10/2021,18:52:29,.536012060
662,0.003498035483062,Volt DC,.01,5.5,F,F,F,F,F,F,Front,F,Main,-0.0000000081517,Amp DC,.01,T,2W,F,F,06/10/2021,18:52:29,.618673740
663,0.00350155448541,Volt DC,.01,5.5,F,F,F,F,F,F,Front,F,Main,-0.0000000087329,Amp DC,.01,T,2W,F,F,06/10/2021,18:52:29,.701321680
664,0.003505821805447,Volt DC,.01,5.5,F,F,F,F,F,F,Front,F,Main,-0.0000000104764,Amp DC,.01,T,2W,F,F,06/10/2021,18:52:29,.783988760
665,0.003497871104628,Volt DC,.01,5.5,F,F,F,F,F,F,Front,F,Main,-0.0000000098952,Amp DC,.01,T,2W,F,F,06/10/2021,18:52:29,.866637920
666,0.003484317334369,Volt DC,.01,5.5,F,F,F,F,F,F,Front,F,Main,-0.0000000104764,Amp DC,.01,T,2W,F,F,06/10/2021,18:52:29,.949274540
667,0.003497160738334,Volt DC,.01,5.5,F,F,F,F,F,F,Front,F,Main,-0.0000000087329,Amp DC,.01,T,2W,F,F,06/10/2021,18:52:30,.031902720
668,0.003500008489937,Volt DC,.01,5.5,F,F,F,F,F,F,Front,F,Main,-0.0000000110576,Amp DC,.01,T,2W,F,F,06/10/2021,18:52:30,.114554600
669,0.003500954713672,Volt DC,.01,5.5,F,F,F,F,F,F,Front,F,Main,-0.0000000093140,Amp DC,.01,T,2W,F,F,06/10/2021,18:52:30,.197197880
670,0.00350295077078,Volt DC,.01,5.5,F,F,F,F,F,F,Front,F,Main,-0.0000000098952,Amp DC,.01,T,2W,F,F,06/10/2021,18:52:30,.279853040
671,0.003494324861094,Volt DC,.01,5.5,F,F,F,F,F,F,Front,F,Main,-0.0000000075705,Amp DC,.01,T,2W,F,F,06/10/2021,18:52:30,.362505980
672,0.003482179716229,Volt DC,.01,5.5,F,F,F,F,F,F,Front,F,Main,-0.0000000098952,Amp DC,.01,T,2W,F,F,06/10/2021,18:52:30,.445168600
673,0.003496510442346,Volt DC,.01,5.5,F,F,F,F,F,F,Front,F,Main,-0.0000000116387,Amp DC,.01,T,2W,F,F,06/10/2021,18:52:30,.527798580
674,0.003498306963593,Volt DC,.01,5.5,F,F,F,F,F,F,Front,F,Main,-0.0000000098952,Amp DC,.01,T,2W,F,F,06/10/2021,18:52:30,.610448260
675,0.003502254607156,Volt DC,.01,5.5,F,F,F,F,F,F,Front,F,Main,-0.0000000075705,Amp DC,.01,T,2W,F,F,06/10/2021,18:52:30,.693102720
676,0.003500822000206,Volt DC,.01,5.5,F,F,F,F,F,F,Front,F,Main,-0.0000000081517,Amp DC,.01,T,2W,F,F,06/10/2021,18:52:30,.775771780
677,0.003491475479677,Volt DC,.01,5.5,F,F,F,F,F,F,Front,F,Main,-0.0000000093141,Amp DC,.01,T,2W,F,F,06/10/2021,18:52:30,.858405020
678,0.003475255565718,Volt DC,.01,5.5,F,F,F,F,F,F,Front,F,Main,-0.0000000081517,Amp DC,.01,T,2W,F,F,06/10/2021,18:52:30,.941060780
679,0.003496734658256,Volt DC,.01,5.5,F,F,F,F,F,F,Front,F,Main,-0.0000000093141,Amp DC,.01,T,2W,F,F,06/10/2021,18:52:31,.023715560
680,0.003499963786453,Volt DC,.01,5.5,F,F,F,F,F,F,Front,F,Main,-0.0000000093140,Amp DC,.01,T,2W,F,F,06/10/2021,18:52:31,.106359380
681,0.003499749815091,Volt DC,.01,5.5,F,F,F,F,F,F,Front,F,Main,-0.0000000040835,Amp DC,.01,T,2W,F,F,06/10/2021,18:52:31,.189015580
682,0.003500423161313,Volt DC,.01,5.5,F,F,F,F,F,F,Front,F,Main,-0.0000000069893,Amp DC,.01,T,2W,F,F,06/10/2021,18:52:31,.271698940
683,0.003489967435598,Volt DC,.01,5.5,F,F,F,F,F,F,Front,F,Main,-0.0000000093140,Amp DC,.01,T,2W,F,F,06/10/2021,18:52:31,.354351940
684,0.003487176494673,Volt DC,.01,5.5,F,F,F,F,F,F,Front,F,Main,-0.0000000093141,Amp DC,.01,T,2W,F,F,06/10/2021,18:52:31,.437023220
685,0.00349880522117,Volt DC,.01,5.5,F,F,F,F,F,F,Front,F,Main,-0.0000000098952,Amp DC,.01,T,2W,F,F,06/10/2021,18:52:31,.519657740
686,0.00350075494498,Volt DC,.01,5.5,F,F,F,F,F,F,Front,F,Main,-0.0000000075705,Amp DC,.01,T,2W,F,F,06/10/2021,18:52:31,.602329520
687,0.003506838809699,Volt DC,.01,5.5,F,F,F,F,F,F,Front,F,Main,-0.0000000087329,Amp DC,.01,T,2W,F,F,06/10/2021,18:52:31,.684984300
688,0.003500694641843,Volt DC,.01,5.5,F,F,F,F,F,F,Front,F,Main,-0.0000000098952,Amp DC,.01,T,2W,F,F,06/10/2021,18:52:31,.767632980
689,0.003487085225061,Volt DC,.01,5.5,F,F,F,F,F,F,Front,F,Main,-0.0000000069893,Amp DC,.01,T,2W,F,F,06/10/2021,18:52:31,.850294320
690,0.003494928590953,Volt DC,.01,5.5,F,F,F,F,F,F,Front,F,Main,-0.0000000064082,Amp DC,.01,T,2W,F,F,06/10/2021,18:52:31,.932959460
691,0.003498033853248,Volt DC,.01,5.5,F,F,F,F,F,F,Front,F,Main,-0.0000000116387,Amp DC,.01,T,2W,F,F,06/10/2021,18:52:32,.015598960
692,0.003501165192574,Volt DC,.01,5.5,F,F,F,F,F,F,Front,F,Main,-0.0000000093141,Amp DC,.01,T,2W,F,F,06/10/2021,18:52:32,.098266480
693,0.003504405263811,Volt DC,.01,5.5,F,F,F,F,F,F,Front,F,Main,-0.0000000104764,Amp DC,.01,T,2W,F,F,06/10/2021,18:52:32,.180902740
694,0.003497494151816,Volt DC,.01,5.5,F,F,F,F,F,F,Front,F,Main,-0.0000000069893,Amp DC,.01,T,2W,F,F,06/10/2021,18:52:32,.263559660
695,0.003483632113785,Volt DC,.01,5.5,F,F,F,F,F,F,Front,F,Main,-0.0000000098952,Amp DC,.01,T,2W,F,F,06/10/2021,18:52:32,.346210740
696,0.003495662240312,Volt DC,.01,5.5,F,F,F,F,F,F,Front,F,Main,-0.0000000098952,Amp DC,.01,T,2W,F,F,06/10/2021,18:52:32,.428850600
697,0.003499313257635,Volt DC,.01,5.5,F,F,F,F,F,F,Front,F,Main,-0.0000000081517,Amp DC,.01,T,2W,F,F,06/10/2021,18:52:32,.511489340
698,0.003501086262986,Volt DC,.01,5.5,F,F,F,F,F,F,Front,F,Main,-0.0000000064082,Amp DC,.01,T,2W,F,F,06/10/2021,18:52:32,.594177680
699,0.003502988722175,Volt DC,.01,5.5,F,F,F,F,F,F,Front,F,Main,-0.0000000087328,Amp DC,.01,T,2W,F,F,06/10/2021,18:52:32,.676865580
700,0.003493838245049,Volt DC,.01,5.5,F,F,F,F,F,F,Front,F,Main,-0.0000000081517,Amp DC,.01,T,2W,F,F,06/10/2021,18:52:32,.759526600
701,0.003482546191663,Volt DC,.01,5.5,F,F,F,F,F,F,Front,F,Main,-0.0000000069894,Amp DC,.01,T,2W,F,F,06/10/2021,18:52:32,.842200120
702,0.003497623605654,Volt DC,.01,5.5,F,F,F,F,F,F,Front,F,Main,-0.0000000093140,Amp DC,.01,T,2W,F,F,06/10/2021,18:52:32,.924876100
703,0.003499135375023,Volt DC,.01,5.5,F,F,F,F,F,F,Front,F,Main,-0.0000000081517,Amp DC,.01,T,2W,F,F,06/10/2021,18:52:33,.007529500
704,0.003504334017634,Volt DC,.01,5.5,F,F,F,F,F,F,Front,F,Main,-0.0000000046647,Amp DC,.01,T,2W,F,F,06/10/2021,18:52:33,.090185500
705,0.003501565661281,Volt DC,.01,5.5,F,F,F,F,F,F,Front,F,Main,-0.0000000087329,Amp DC,.01,T,2W,F,F,06/10/2021,18:52:33,.172827400
706,0.003491523675621,Volt DC,.01,5.5,F,F,F,F,F,F,Front,F,Main,-0.0000000110576,Amp DC,.01,T,2W,F,F,06/10/2021,18:52:33,.255479060
707,0.003473457647488,Volt DC,.01,5.5,F,F,F,F,F,F,Front,F,Main,-0.0000000087329,Amp DC,.01,T,2W,F,F,06/10/2021,18:52:33,.338122980
708,0.00349710136652,Volt DC,.01,5.5,F,F,F,F,F,F,Front,F,Main,-0.0000000075705,Amp DC,.01,T,2W,F,F,06/10/2021,18:52:33,.420778320
709,0.003500789869577,Volt DC,.01,5.5,F,F,F,F,F,F,Front,F,Main,-0.0000000081517,Amp DC,.01,T,2W,F,F,06/10/2021,18:52:33,.503417200
710,0.003501331666484,Volt DC,.01,5.5,F,F,F,F,F,F,Front,F,Main,-0.0000000087329,Amp DC,.01,T,2W,F,F,06/10/2021,18:52:33,.586063840
711,0.003500150283799,Volt DC,.01,5.5,F,F,F,F,F,F,Front,F,Main,-0.0000000087329,Amp DC,.01,T,2W,F,F,06/10/2021,18:52:33,.668714520
712,0.003488512942567,Volt DC,.01,5.5,F,F,F,F,F,F,Front,F,Main,-0.0000000069894,Amp DC,.01,T,2W,F,F,06/10/2021,18:52:33,.751366560
713,0.003490745089948,Volt DC,.01,5.5,F,F,F,F,F,F,Front,F,Main,-0.0000000081517,Amp DC,.01,T,2W,F,F,06/10/2021,18:52:33,.834016040
714,0.003499159356579,Volt DC,.01,5.5,F,F,F,F,F,F,Front,F,Main,-0.0000000093140,Amp DC,.01,T,2W,F,F,06/10/2021,18:52:33,.916652920
715,0.003501035971567,Volt DC,.01,5.5,F,F,F,F,F,F,Front,F,Main,-0.0000000075705,Amp DC,.01,T,2W,F,F,06/10/2021,18:52:33,.999302800
